<?xml version="1.0"?>
<COLLADA xmlns="http://www.collada.org/2005/11/COLLADASchema" version="1.4.1">
	<asset>
		<contributor>
			<author>Assimp</author>
			<authoring_tool>Assimp Exporter</authoring_tool>
		</contributor>
		<created>2022-06-02T00:00:23</created>
		<modified>2022-06-02T00:00:23</modified>
		<unit name="meter" meter="1.000000" />
		<up_axis>Y_UP</up_axis>
	</asset>
	<library_effects>
		<effect id="Music_Box_Cover-fx" name="Music_Box_Cover">
			<profile_COMMON>
				<technique sid="standard">
					<phong>
						<diffuse>
							<color sid="diffuse">0.786800   0.000000   0.800000   1.000000</color>
						</diffuse>
					</phong>
				</technique>
			</profile_COMMON>
		</effect>
		<effect id="Music_Box_Handle-fx" name="Music_Box_Handle">
			<profile_COMMON>
				<technique sid="standard">
					<phong>
						<diffuse>
							<color sid="diffuse">0.000000   0.001500   0.800000   1.000000</color>
						</diffuse>
					</phong>
				</technique>
			</profile_COMMON>
		</effect>
		<effect id="Music_Box-fx" name="Music_Box">
			<profile_COMMON>
				<technique sid="standard">
					<phong>
						<diffuse>
							<color sid="diffuse">0.800000   0.637748   0.000000   1.000000</color>
						</diffuse>
					</phong>
				</technique>
			</profile_COMMON>
		</effect>
		<effect id="Music_Box_Cover_Hinges-fx" name="Music_Box_Cover_Hinges">
			<profile_COMMON>
				<technique sid="standard">
					<phong>
						<diffuse>
							<color sid="diffuse">0.006604   0.800000   0.000000   1.000000</color>
						</diffuse>
					</phong>
				</technique>
			</profile_COMMON>
		</effect>
		<effect id="Music_Box_Disk-fx" name="Music_Box_Disk">
			<profile_COMMON>
				<technique sid="standard">
					<phong>
						<diffuse>
							<color sid="diffuse">0.800000   0.000000   0.001595   1.000000</color>
						</diffuse>
					</phong>
				</technique>
			</profile_COMMON>
		</effect>
	</library_effects>
	<library_materials>
		<material id="Music_Box_Cover" name="Music_Box_Cover">
			<instance_effect url="#Music_Box_Cover-fx"/>
		</material>
		<material id="Music_Box_Handle" name="Music_Box_Handle">
			<instance_effect url="#Music_Box_Handle-fx"/>
		</material>
		<material id="Music_Box" name="Music_Box">
			<instance_effect url="#Music_Box-fx"/>
		</material>
		<material id="Music_Box_Cover_Hinges" name="Music_Box_Cover_Hinges">
			<instance_effect url="#Music_Box_Cover_Hinges-fx"/>
		</material>
		<material id="Music_Box_Disk" name="Music_Box_Disk">
			<instance_effect url="#Music_Box_Disk-fx"/>
		</material>
	</library_materials>
	<library_geometries>
		<geometry id="meshId0" name="meshId0_name" >
			<mesh>
				<source id="meshId0-positions" name="meshId0-positions">
					<float_array id="meshId0-positions-array" count="3165"> 
						1.745170 0.706620 -0.324568 1.745418 0.958365 -0.324568 1.623381 0.847478 -0.324568 1.623381 0.706620 -0.324568 -1.750082 -0.689544 -0.324568 -1.750287 -0.954097 -0.324568 -1.628205 -0.843104 -0.324568 -1.628205 -0.689544 -0.324568 -1.432038 1.117308 -0.324568 -1.591064 1.117588 -0.324568 -1.480102 0.995582 -0.324568 -1.332333 0.995582 -0.324568 1.435068 -1.113146 -0.324568 1.586196 -1.113319 -0.324568 1.475278 -0.991207 -0.324568 1.334897 -0.991207 -0.324568 -1.750082 0.706620 -0.324568 -1.750287 0.958365 -0.324568 -1.750082 0.958106 -0.484684 -1.750082 0.706620 -0.484684 -1.432038 -1.113146 -0.324568 -1.591064 -1.113319 -0.324568 -1.590880 -1.113146 -0.484684 -1.432038 -1.113146 -0.484684 1.745170 -0.689544 -0.324568 1.745418 -0.954097 -0.324568 1.745170 -0.953944 -0.484684 1.745170 -0.689544 -0.484684 -1.591064 -1.113319 -0.324568 -1.750287 -0.954097 -0.324568 -1.750082 -0.953944 -0.484684 -1.590880 -1.113146 -0.484684 1.585968 -1.113146 -0.484684 1.470268 -0.953944 -0.605583 1.585968 -0.816271 -0.605583 1.435068 1.117308 -0.324568 1.586196 1.117588 -0.324568 1.585968 1.117308 -0.484684 1.435068 1.117308 -0.484684 1.745170 0.958106 -0.484684 1.585968 0.859105 -0.605583 1.470268 0.958106 -0.605583 1.585968 -0.689544 -0.605583 1.469211 0.706620 -0.605583 1.469211 0.706620 -0.661515 1.585968 0.706620 -0.661515 1.585968 0.706620 -0.605583 1.331060 0.958106 -0.605583 -1.590880 1.117308 -0.484684 -1.456414 0.958106 -0.605583 -1.590880 0.834484 -0.605583 -1.591064 1.117588 -0.324568 1.586196 -1.113319 -0.324568 1.745418 0.958365 -0.324568 -1.456414 -0.953944 -0.605583 -1.309643 -0.953944 -0.605583 -1.590880 0.706620 -0.605583 -1.590880 -0.832423 -0.605583 -1.456414 -0.953944 -0.605583 1.623381 -0.843104 0.891392 1.623381 -0.843104 1.021099 1.745667 -0.954250 1.021099 1.745642 -0.954235 0.891392 1.475278 0.995582 0.891392 
						1.475278 0.995582 1.021099 1.586424 1.117867 1.021099 1.586402 1.117841 0.891392 -1.480102 0.995582 1.021099 -1.480102 0.995582 0.891392 -1.591230 1.117841 0.891392 -1.591248 1.117867 1.021099 -1.480102 0.995582 0.693498 -1.591064 1.117588 -0.324568 -1.591203 1.117799 0.693498 -1.628205 -0.689544 0.891392 -1.628205 -0.843104 0.891392 -1.628205 -0.843104 1.021099 -1.628205 -0.689544 1.021099 -1.332333 -0.991207 0.891392 -0.930848 -0.991207 0.891392 -0.930846 -0.991207 1.021099 -1.332333 -0.991207 1.021099 -1.456414 -0.953944 -0.605583 -1.456414 -0.953944 -0.661515 -1.309643 -0.953944 -0.661515 -1.309643 -0.953944 -0.605583 1.585968 -0.689544 -0.605583 1.585968 -0.689544 -0.661515 1.470268 -0.689544 -0.661515 1.470268 -0.689544 -0.605583 0.933426 -0.991207 -0.324568 1.334897 -0.991207 0.693498 0.933414 -0.991207 0.693498 -1.480102 -0.991207 0.891392 -1.480102 -0.991207 1.021099 -1.591248 -1.113492 1.021099 -1.591230 -1.113476 0.891392 -0.635262 0.706620 -0.605583 0.656630 0.706620 -0.605583 0.656444 -0.689544 -0.605583 -0.635447 -0.689544 -0.605583 -0.635483 -0.953944 -0.605583 0.656420 -0.953944 -0.605583 0.647460 -1.113146 -0.484684 -0.644430 -1.113146 -0.484684 -1.432038 1.117308 -0.484684 -1.309643 0.958106 -0.605583 -1.432038 1.117308 -0.324568 0.647462 1.117308 -0.484684 -0.644432 1.117308 -0.484684 -0.644412 1.117308 -0.324568 0.647442 1.117308 -0.324568 -1.591064 -1.113319 -0.324568 -1.432038 -1.113146 -0.324568 -1.332333 -0.991207 -0.324568 -1.480102 -0.991207 -0.324568 -0.921498 0.958106 -0.605583 -0.921512 0.706620 -0.605583 -1.309643 0.706620 -0.605583 1.586196 1.117588 -0.324568 1.435068 1.117308 -0.324568 1.334897 0.995582 -0.324568 1.475278 0.995582 -0.324568 1.586196 -1.113319 -0.324568 1.435068 -1.113146 -0.324568 1.435068 -1.113146 -0.484684 1.585968 -1.113146 -0.484684 1.330580 -0.953944 -0.605583 
						1.470268 -0.953944 -0.605583 1.475278 0.995582 0.693498 1.586368 1.117799 0.693498 1.586196 1.117588 -0.324568 1.330639 -0.689544 -0.605583 1.330639 -0.689544 -0.661515 1.330580 -0.953944 -0.661515 1.330580 -0.953944 -0.605583 -0.644630 0.995582 -0.324568 0.647193 0.995582 -0.324568 0.647442 1.117308 -0.324568 -0.644412 1.117308 -0.324568 -0.921697 -0.689544 -0.605583 -0.921735 -0.953944 -0.605583 -1.309643 -0.689544 -0.605583 0.933683 1.117308 -0.324568 0.933712 1.117308 -0.484684 0.656662 0.958106 -0.605583 -0.635245 0.958106 -0.605583 1.470268 -0.953944 -0.605583 1.470268 -0.953944 -0.661515 1.585968 -0.816271 -0.661515 1.585968 -0.816271 -0.605583 -0.644486 -1.100066 1.021099 0.647297 -1.100066 1.021099 0.647414 -1.147187 1.089389 -0.644356 -1.147187 1.089389 -1.456414 0.706620 -0.605583 -1.456414 -0.689544 -0.605583 -1.590880 -0.689544 -0.605583 1.585968 -0.689544 -0.661515 1.585968 -0.689544 -0.605583 -1.628205 0.706620 -0.324568 -1.628205 -0.689544 0.693498 -1.628205 0.706620 0.693497 1.623381 -0.843104 -0.324568 1.623381 -0.843104 0.693498 1.745606 -0.954213 0.693498 1.745418 -0.954097 -0.324568 -1.750082 -0.689544 -0.484685 1.585968 0.706620 -0.605583 1.470268 -0.689544 -0.605583 1.469211 0.706620 -0.605583 1.745170 0.706620 -0.484684 1.745170 0.706620 -0.324568 -1.750082 -0.689544 -0.324568 -1.750082 0.706620 -0.324568 1.745418 -0.954097 -0.324568 1.745170 -0.689544 -0.324568 1.623381 -0.689544 -0.324568 -1.750287 0.958365 -0.324568 -1.628205 0.847478 -0.324568 -1.309643 -0.953944 -0.605583 -1.309643 -0.953944 -0.661515 -1.309643 -0.689544 -0.661515 -1.309643 -0.689544 -0.605583 -1.628205 0.847478 0.891392 -1.628205 0.847478 1.021099 -1.750491 0.958624 1.021099 -1.750471 0.958600 0.891392 1.331010 0.706620 -0.605583 1.331010 0.706620 -0.661515 -1.590880 -0.689544 -0.605583 -1.590880 -0.689544 -0.661515 
						-1.590880 -0.832423 -0.661515 -1.590880 -0.832423 -0.605583 -0.930864 0.995582 -0.324568 -1.332333 0.995582 0.693498 -0.930852 0.995582 0.693498 -1.590880 0.834484 -0.605583 -1.590880 0.834483 -0.661515 -1.590880 0.706620 -0.661515 -1.590880 0.706620 -0.605583 1.623381 0.706620 0.693497 1.623381 -0.689544 0.693498 -1.750441 0.958561 0.693498 -1.591203 1.117799 0.693498 0.647184 -0.991207 0.693498 0.647192 -0.991207 -0.324568 1.745606 -0.954213 0.693498 1.586368 -1.113450 0.693498 1.586368 1.117799 0.693498 1.745606 0.958561 0.693498 1.623381 0.706620 0.891392 1.623381 0.847478 0.891392 1.623381 0.847478 1.021099 1.623381 0.706620 1.021099 1.334897 0.995582 0.693498 1.475278 -0.991207 1.021099 1.475278 -0.991207 0.891392 1.586402 -1.113476 0.891392 1.586424 -1.113492 1.021099 -1.750471 -0.954235 0.891392 -1.750491 -0.954250 1.021099 1.334897 -0.991207 0.891392 1.334897 -0.991207 1.021099 -1.628205 0.706620 1.021099 -1.737065 -0.784406 1.021099 -1.737065 0.796416 1.021099 1.331010 0.706620 -0.605583 1.330639 -0.689544 -0.605583 0.942693 -0.689544 -0.605583 0.942880 0.706620 -0.605583 1.623381 -0.689544 1.021099 1.731993 0.796416 1.021099 1.731993 -0.784406 1.021099 -0.930653 1.117308 -0.324568 -1.750491 0.958624 1.021099 -1.750491 -0.954250 1.021099 -1.421404 -1.100066 1.021099 -1.591248 -1.113492 1.021099 1.586424 -1.113492 1.021099 1.424215 -1.100066 1.021099 1.745667 -0.954250 1.021099 1.745667 0.958624 1.021099 1.334897 0.995582 1.021099 1.424215 1.104194 1.021099 1.586424 1.117867 1.021099 -1.309643 0.958106 -0.661515 -1.345310 0.921520 -0.761782 -1.455389 0.921520 -0.761782 -1.456414 0.958106 -0.661515 -1.345310 -0.915831 -0.761782 -1.345310 -0.717531 -0.761782 1.470268 0.958106 -0.661515 1.468263 0.922546 -0.761782 1.363857 0.922546 -0.761782 1.331060 0.958106 -0.661515 
						1.363820 0.733931 -0.761782 1.467470 0.733931 -0.761782 -1.309643 0.706620 -0.661515 -1.456414 -0.689544 -0.661515 -1.456414 0.706620 -0.661515 1.468271 -0.915158 -0.761782 1.555046 -0.811903 -0.761782 -1.590880 0.706620 -0.661515 -1.556238 0.732905 -0.761782 -1.455389 0.732905 -0.761782 1.585968 0.859105 -0.661515 1.555038 0.848294 -0.761782 1.555046 -0.716858 -0.761782 1.468271 -0.716858 -0.761782 -1.456414 0.958106 -0.605583 1.585968 0.706620 -0.605583 1.585968 0.706620 -0.661515 1.585968 0.859105 -0.605583 1.470268 0.958106 -0.605583 1.331060 0.958106 -0.605583 -1.456414 -0.689544 -0.605583 -1.590880 -0.689544 -0.661515 -1.590880 -0.689544 -0.605583 -1.309643 0.706620 -0.605583 -1.309643 0.958106 -0.661515 -1.309643 0.958106 -0.605583 -1.309643 0.958106 -0.605583 1.331060 0.958106 -0.605583 1.331060 0.958106 -0.661515 -1.590880 0.706620 -0.605583 -1.456414 0.706620 -0.605583 1.330580 -0.953944 -0.605583 1.330580 -0.953944 -0.661515 -1.455389 -0.915831 -0.761782 -1.455389 -0.717531 -0.761782 -1.556238 -0.824690 -0.761782 -1.556238 -0.717531 -0.761782 1.363505 -0.915158 -0.761782 1.363550 -0.716858 -0.761782 1.555038 0.733931 -0.761782 -1.345310 0.732905 -0.761782 -1.556238 0.828803 -0.761782 -1.332333 0.995582 1.021099 -1.591248 1.117867 1.021099 -1.421404 1.104194 1.021099 -1.737065 -0.784406 1.021099 -1.811198 -0.818044 1.089389 -1.811198 0.830301 1.089389 -1.737065 0.796416 1.021099 1.424215 1.104194 1.021099 1.485112 1.151226 1.089389 1.654250 1.165483 1.089389 1.586424 1.117867 1.021099 -1.750491 0.958624 1.021099 -1.825198 0.999438 1.089389 -1.659153 1.165483 1.089389 -1.591248 1.117867 1.021099 -1.482054 1.151226 1.089389 -1.421404 1.104194 1.021099 1.745667 -0.954250 1.021099 1.820294 -0.995142 1.089389 1.654250 -1.161187 1.089389 1.586424 -1.113492 1.021099 -1.825198 0.999438 1.089389 
						-1.750491 0.958624 1.021099 -1.591248 -1.113492 1.021099 -1.659153 -1.161187 1.089389 -1.825198 -0.995142 1.089389 -1.750491 -0.954250 1.021099 1.820294 0.999438 1.089389 1.745667 0.958624 1.021099 -1.421404 -1.100066 1.021099 -1.482054 -1.147187 1.089389 -0.930711 -1.100066 1.021099 -0.930579 -1.147187 1.089389 1.485112 -1.147187 1.089389 1.424215 -1.100066 1.021099 0.933523 1.104194 1.021099 0.933638 1.151226 1.089389 1.731993 -0.784406 1.021099 1.806037 -0.818044 1.089389 1.731993 0.796416 1.021099 1.806037 0.830301 1.089389 1.745667 0.958624 1.021099 1.820294 0.999438 1.089389 1.820294 0.999438 1.152689 1.806037 0.830301 1.152689 1.806037 -0.818044 1.152689 1.485112 1.151226 1.152689 1.654250 1.165483 1.152689 -1.811198 -0.818044 1.152689 -1.811198 0.830301 1.152689 -1.825198 0.999438 1.152689 -1.659153 1.165483 1.152689 -1.482054 1.151226 1.152689 -1.825198 0.999438 1.152689 -1.825198 -0.995143 1.152689 -1.659153 -1.161187 1.152689 -1.482054 -1.147187 1.152689 1.654250 -1.161187 1.152689 1.485112 -1.147187 1.152689 -0.930573 -1.147187 1.152689 1.820294 -0.995143 1.152689 0.933632 1.151226 1.152689 -1.659153 1.165483 1.152689 -1.825198 0.999438 1.152689 -1.811198 0.830301 1.152689 -1.482054 1.151226 1.152689 0.647122 0.992390 1.056540 -0.644633 0.992390 1.056540 -0.644633 -0.987783 1.056540 0.647122 -0.987783 1.056540 -1.811198 -0.818044 1.152689 -1.825198 -0.995143 1.152689 -1.659153 -1.161187 1.152689 -1.482054 -1.147187 1.152689 1.485112 -1.147187 1.152689 1.654250 -1.161187 1.152689 1.820294 -0.995143 1.152689 1.806037 -0.818044 1.152689 1.806037 0.830301 1.152689 1.820294 0.999438 1.152689 1.654250 1.165483 1.152689 1.485112 1.151226 1.152689 -0.930573 -1.147187 1.152689 -0.930796 -1.020637 1.152689 -1.319200 -1.020637 1.152689 1.607454 0.739480 1.152689 
						1.607454 -0.727674 1.152689 -1.612164 -0.727674 1.152689 -1.560491 -0.704213 1.056540 -1.560491 0.715901 1.056540 -1.612164 0.739480 1.152689 1.555899 -0.704213 1.056540 1.279410 -0.987783 1.056540 1.321807 -1.020637 1.152689 -1.319200 1.025127 1.152689 0.933632 1.151226 1.152689 0.933402 1.025127 1.152689 1.321807 1.025127 1.152689 -1.276921 -0.987783 1.056540 -1.276921 0.992390 1.056540 1.555899 0.715901 1.056540 1.279410 0.992390 1.056540 -0.930853 -0.987783 1.056540 -0.930580 1.151226 1.089389 -0.930712 1.104194 1.021099 0.647332 1.107386 0.693498 0.647442 1.117308 -0.324568 0.647185 0.995582 0.693498 1.820294 0.999438 1.152689 0.647297 1.104194 1.021099 0.933538 1.105458 0.891392 0.647311 1.105458 0.891392 -0.644352 -1.147187 1.152689 0.647410 -1.147187 1.152689 0.647297 1.104194 1.021099 0.647311 1.105458 0.891392 0.647183 0.995582 0.891392 0.647182 0.995582 1.021099 -0.930853 0.992390 1.056540 -0.930796 1.025127 1.152689 0.647182 1.025127 1.152689 -0.644576 1.025127 1.152689 -0.644576 -1.020637 1.152689 0.647182 -1.020637 1.152689 1.171398 -0.869425 1.056540 0.939949 -0.869425 1.056540 0.933342 -0.987783 1.056540 0.647411 1.151226 1.152689 -0.644353 1.151226 1.152689 -0.644352 -1.147187 1.152689 0.647410 -1.147187 1.152689 0.647415 1.151226 1.089389 -0.644357 1.151226 1.089389 -0.644353 1.151226 1.152689 0.647411 1.151226 1.152689 -0.930711 -1.100066 1.021099 0.933411 0.995582 1.021099 0.933523 1.104194 1.021099 -0.644621 0.995582 0.693498 -0.644412 1.117308 -0.324568 -0.644468 1.107386 0.693498 -0.644486 1.104194 1.021099 0.933681 -1.113146 -0.324568 0.942915 0.958106 -0.605583 0.647297 -1.100066 1.021099 -0.644486 -1.100066 1.021099 -0.644617 -0.991207 1.021099 0.647181 -0.991207 1.021099 -0.930651 -1.113146 -0.324568 -0.930862 -0.991207 -0.324568 
						-0.644618 -0.991207 0.891392 -0.644486 1.104194 1.021099 0.647297 1.104194 1.021099 -0.644618 0.995582 1.021099 -0.930679 -1.113146 -0.484684 0.933402 -1.020637 1.152689 -0.930574 1.151226 1.152689 0.933631 -1.147187 1.152689 0.933342 0.992390 1.056540 -0.930574 1.151226 1.152689 0.933631 -1.147187 1.152689 0.933637 -1.147187 1.089389 0.933522 -1.100066 1.021099 0.933410 -0.991207 1.021099 0.933522 -1.100066 1.021099 -0.930848 0.995582 1.021099 -0.930712 1.104194 1.021099 0.647440 -1.113146 -0.324568 -0.644410 -1.113146 -0.324568 -0.930653 1.117308 -0.324568 -0.930682 1.117308 -0.484684 -0.930850 -0.991207 0.693498 -1.332333 -0.991207 0.693498 0.933683 1.117308 -0.324568 0.933428 0.995582 -0.324568 0.933681 -1.113146 -0.324568 0.933709 -1.113146 -0.484684 0.942672 -0.953944 -0.605583 0.933416 0.995582 0.693498 -0.930651 -1.113146 -0.324568 1.171398 0.874032 1.056540 0.647440 -1.113146 -0.324568 -0.644410 -1.113146 -0.324568 -0.644628 -0.991207 -0.324568 0.647182 -0.991207 0.891392 0.933412 -0.991207 0.891392 -0.644620 -0.991207 0.693498 0.933413 0.995582 0.891392 0.933538 1.105458 0.891392 0.933523 1.104194 1.021099 -0.644479 1.105458 0.891392 -0.930706 1.105458 0.891392 -0.930712 1.104194 1.021099 -0.930706 1.105458 0.891392 -0.930849 0.995582 0.891392 -0.644619 0.995582 0.891392 -0.930698 1.107386 0.693498 -0.930653 1.117308 -0.324568 -1.332333 0.995582 0.891392 -0.644479 1.105458 0.891392 -0.644486 1.104194 1.021099 0.647332 1.107386 0.693498 0.933562 1.107386 0.693498 -0.930698 1.107386 0.693498 -0.644468 1.107386 0.693498 0.933683 1.117308 -0.324568 0.933562 1.107386 0.693498 1.475278 -0.991207 0.693498 -1.628205 0.706620 0.891392 -1.480102 -0.991207 0.693498 1.623381 0.847478 0.693498 1.745418 0.958365 -0.324568 1.745606 0.958561 0.693498 -1.591230 1.117841 0.891392 
						-1.750471 0.958600 0.891392 1.745642 0.958600 0.891392 1.586402 1.117841 0.891392 -1.750471 -0.954235 0.891392 -1.591230 -1.113476 0.891392 -1.591248 -1.113492 1.021099 -1.750491 -0.954250 1.021099 -1.591203 -1.113450 0.693498 -1.750441 -0.954213 0.693498 1.586402 -1.113476 0.891392 1.745642 -0.954235 0.891392 1.745667 -0.954250 1.021099 1.586424 -1.113492 1.021099 1.334897 0.995582 0.891392 -1.628205 0.847478 0.693498 -1.750441 0.958561 0.693498 -1.750287 0.958365 -0.324568 1.623381 -0.689544 0.891392 -1.591203 -1.113450 0.693498 -1.591064 -1.113319 -0.324568 1.586196 -1.113319 -0.324568 1.586368 -1.113450 0.693498 -1.628205 -0.843104 0.693498 -1.750287 -0.954097 -0.324568 -1.750441 -0.954213 0.693498 1.745642 0.958600 0.891392 1.745667 0.958624 1.021099 -1.750441 -0.954213 0.693498 -1.750441 -0.691357 0.693498 -1.750471 -0.691349 0.891392 -1.750441 -0.691357 0.693498 -1.750471 0.958600 0.891392 -1.750471 0.708010 0.891392 1.746127 -0.689544 0.891392 1.746127 -0.689544 0.693498 1.746127 0.706620 0.693497 1.746127 0.706620 0.891392 -1.750471 0.708010 0.891392 -1.750441 0.708002 0.693498 -1.750471 -0.691349 0.891392 -1.750471 -0.954235 0.891392 -1.750441 0.708002 0.693498 -1.750441 0.958561 0.693498 1.746127 0.706620 0.693497 1.746127 -0.689544 0.693498 1.746127 -0.689544 0.891392 1.746127 0.706620 0.891392 1.745642 0.958600 0.891392 1.745606 0.958561 0.693498 1.745606 -0.954213 0.693498 1.745642 -0.954235 0.891392 0.939949 -0.869425 1.056540 0.939949 -0.869425 -0.280399 0.748527 -0.869425 -0.280399 0.748527 -0.869425 1.056540 1.171398 -0.869425 1.056540 1.171398 -0.869425 -0.280399 0.748527 -0.869425 1.056540 0.748527 0.874032 1.056540 0.939949 0.874032 1.056540 1.171398 0.874032 -0.280399 0.939949 0.874032 -0.280399 0.748527 0.874032 -0.280399 0.939949 0.874032 1.056540 
						1.171398 0.874032 1.056540 0.748527 -0.869425 1.056540 0.748527 0.874032 1.056540 0.748527 0.874032 1.056540 1.171398 0.874032 1.056540 1.171398 -0.869425 1.056540 1.129862 0.746565 0.488076 1.143553 0.746565 0.487809 1.137919 0.689159 0.199263 1.124229 0.689159 0.199530 1.133144 0.525680 -0.045354 1.119453 0.525680 -0.045087 1.129953 0.281016 -0.208802 1.116262 0.281016 -0.208534 1.128832 -0.007584 -0.266197 1.115142 -0.007584 -0.265930 1.115142 -0.007584 -0.265930 1.128832 -0.007584 -0.266197 1.129953 -0.296185 -0.208802 1.116262 -0.296185 -0.208534 1.133144 -0.540848 -0.045354 1.119453 -0.540848 -0.045087 1.137919 -0.704327 0.199263 1.124229 -0.704327 0.199530 1.143553 -0.761734 0.487809 1.129862 -0.761734 0.488076 1.149186 -0.704328 0.776354 1.135495 -0.704328 0.776621 1.153962 -0.540849 1.020971 1.140271 -0.540849 1.021238 1.157153 -0.296185 1.184419 1.143462 -0.296185 1.184686 1.158273 -0.007584 1.241814 1.144583 -0.007584 1.242082 1.157153 0.281016 1.184419 1.143462 0.281016 1.184687 1.153962 0.525680 1.020971 1.140271 0.525680 1.021238 1.149186 0.689159 0.776354 1.135495 0.689159 0.776621 1.137919 0.689159 0.199263 1.143553 0.746565 0.487809 1.143553 -0.007584 0.487809 1.149186 0.689159 0.776354 1.153962 0.525680 1.020971 1.157153 0.281016 1.184419 1.158273 -0.007584 1.241814 1.157153 -0.296185 1.184419 1.153962 -0.540849 1.020971 1.149186 -0.704328 0.776354 1.143553 -0.761734 0.487809 1.137919 -0.704327 0.199263 1.133144 -0.540848 -0.045354 1.129953 -0.296185 -0.208802 1.128832 -0.007584 -0.266197 1.129953 0.281016 -0.208802 1.133144 0.525680 -0.045354 1.129862 0.746565 0.488076 1.124229 0.689159 0.199530 1.129862 -0.007584 0.488076 1.119453 0.525680 -0.045087 1.116262 0.281016 -0.208534 1.115142 -0.007584 -0.265930 1.116262 -0.296185 -0.208534 
						1.119453 -0.540848 -0.045087 1.124229 -0.704327 0.199530 1.129862 -0.761734 0.488076 1.135495 -0.704328 0.776621 1.140271 -0.540849 1.021238 1.143462 -0.296185 1.184686 1.144583 -0.007584 1.242082 1.143462 0.281016 1.184687 1.140271 0.525680 1.021238 1.135495 0.689159 0.776621 0.980186 0.746565 0.486492 0.993569 0.746565 0.489393 1.054720 0.689159 0.207346 1.041337 0.689159 0.204444 1.106561 0.525680 -0.031763 1.093179 0.525680 -0.034664 1.141200 0.281016 -0.191530 1.127818 0.281016 -0.194431 1.127818 0.281016 -0.194431 1.141200 0.281016 -0.191530 1.153364 -0.007584 -0.247633 1.139982 -0.007584 -0.250534 1.141200 -0.296185 -0.191530 1.127818 -0.296185 -0.194431 1.106561 -0.540848 -0.031763 1.093179 -0.540848 -0.034664 1.054720 -0.704327 0.207345 1.041337 -0.704327 0.204444 0.993569 -0.761734 0.489393 0.980186 -0.761734 0.486492 0.932418 -0.704328 0.771440 0.919035 -0.704328 0.768539 0.880576 -0.540849 1.010549 0.867194 -0.540849 1.007647 0.845937 -0.296185 1.170316 0.832554 -0.296185 1.167415 0.833773 -0.007584 1.226419 0.820391 -0.007584 1.223517 0.845937 0.281016 1.170316 0.832555 0.281016 1.167415 0.880576 0.525680 1.010549 0.867194 0.525680 1.007647 0.932418 0.689159 0.771440 0.919035 0.689159 0.768539 1.054720 0.689159 0.207346 0.993569 0.746565 0.489393 0.993569 -0.007584 0.489393 0.932418 0.689159 0.771440 0.880576 0.525680 1.010549 0.845937 0.281016 1.170316 0.833773 -0.007584 1.226419 0.845937 -0.296185 1.170316 0.880576 -0.540849 1.010549 0.932418 -0.704328 0.771440 0.993569 -0.761734 0.489393 1.054720 -0.704327 0.207345 1.106561 -0.540848 -0.031763 1.141200 -0.296185 -0.191530 1.153364 -0.007584 -0.247633 1.141200 0.281016 -0.191530 1.106561 0.525680 -0.031763 0.980186 0.746565 0.486492 1.041337 0.689159 0.204444 0.980186 -0.007584 0.486492 
						1.093179 0.525680 -0.034664 1.127818 0.281016 -0.194431 1.139982 -0.007584 -0.250534 1.127818 -0.296185 -0.194431 1.093179 -0.540848 -0.034664 1.041337 -0.704327 0.204444 0.980186 -0.761734 0.486492 0.919035 -0.704328 0.768539 0.867194 -0.540849 1.007647 0.832554 -0.296185 1.167415 0.820391 -0.007584 1.223517 0.832555 0.281016 1.167415 0.867194 0.525680 1.007647 0.919035 0.689159 0.768539 0.881448 0.746565 0.486380 0.894779 0.746565 0.489505 0.960656 0.689159 0.208524 0.947325 0.689159 0.205398 1.016504 0.525680 -0.029680 1.003172 0.525680 -0.032806 1.053820 0.281016 -0.188844 1.040488 0.281016 -0.191969 1.066924 -0.007584 -0.244734 1.053592 -0.007584 -0.247860 1.053592 -0.007584 -0.247860 1.066924 -0.007584 -0.244734 1.053820 -0.296185 -0.188844 1.040488 -0.296185 -0.191969 1.016504 -0.540848 -0.029680 1.003172 -0.540848 -0.032806 0.960656 -0.704327 0.208524 0.947325 -0.704327 0.205398 0.894780 -0.761734 0.489505 0.881448 -0.761734 0.486379 0.828903 -0.704328 0.770486 0.815571 -0.704328 0.767361 0.773055 -0.540849 1.008691 0.759724 -0.540849 1.005565 0.735739 -0.296185 1.167854 0.722407 -0.296185 1.164729 0.722635 -0.007584 1.223745 0.709303 -0.007584 1.220619 0.735739 0.281016 1.167854 0.722407 0.281016 1.164728 0.773055 0.525680 1.008691 0.759724 0.525680 1.005565 0.828903 0.689159 0.770486 0.815571 0.689159 0.767361 0.960656 0.689159 0.208524 0.894779 0.746565 0.489505 0.894779 -0.007584 0.489505 0.828903 0.689159 0.770486 0.773055 0.525680 1.008691 0.735739 0.281016 1.167854 0.722635 -0.007584 1.223745 0.735739 -0.296185 1.167854 0.773055 -0.540849 1.008691 0.828903 -0.704328 0.770486 0.894780 -0.761734 0.489505 0.960656 -0.704327 0.208524 1.016504 -0.540848 -0.029680 1.053820 -0.296185 -0.188844 1.066924 -0.007584 -0.244734 1.053820 0.281016 -0.188844 
						1.016504 0.525680 -0.029680 0.881448 0.746565 0.486380 0.947325 0.689159 0.205398 0.881448 -0.007584 0.486380 1.003172 0.525680 -0.032806 1.040488 0.281016 -0.191969 1.053592 -0.007584 -0.247860 1.040488 -0.296185 -0.191969 1.003172 -0.540848 -0.032806 0.947325 -0.704327 0.205398 0.881448 -0.761734 0.486379 0.815571 -0.704328 0.767361 0.759724 -0.540849 1.005565 0.722407 -0.296185 1.164729 0.709303 -0.007584 1.220619 0.722407 0.281016 1.164728 0.759724 0.525680 1.005565 0.815571 0.689159 0.767361 -0.571235 0.780986 1.056197 -0.571235 0.780986 1.094687 -0.269462 0.720960 1.094687 -0.269462 0.720960 1.056197 -0.013631 0.550019 1.094687 -0.013631 0.550019 1.056197 0.157309 0.294189 1.094687 0.157309 0.294189 1.056197 0.217336 -0.007584 1.094687 0.217336 -0.007584 1.056197 0.157309 -0.309357 1.094687 0.157309 -0.309357 1.056197 0.157309 -0.309357 1.056197 0.157309 -0.309357 1.094687 -0.013631 -0.565188 1.094687 -0.013631 -0.565188 1.056197 -0.269462 -0.736128 1.094687 -0.269462 -0.736128 1.056197 -0.571235 -0.796155 1.094687 -0.571235 -0.796155 1.056197 -0.873007 -0.736128 1.094687 -0.873007 -0.736128 1.056197 -1.128838 -0.565188 1.094687 -1.128838 -0.565188 1.056197 -1.299779 -0.309357 1.094687 -1.299779 -0.309357 1.056197 -1.359805 -0.007584 1.094687 -1.359805 -0.007584 1.056197 -1.299779 0.294189 1.094687 -1.299779 0.294189 1.056197 -1.128838 0.550019 1.094687 -1.128838 0.550019 1.056197 -0.873007 0.720960 1.094687 -0.873007 0.720960 1.056197 -0.571235 0.780986 1.094687 -0.873007 0.720960 1.094687 -0.599208 0.059951 1.094687 -0.571235 0.065515 1.094687 -1.299779 -0.309357 1.094687 -1.128838 -0.565188 1.094687 -0.622924 -0.059273 1.094687 -0.638770 -0.035558 1.094687 -0.013631 -0.565188 1.094687 0.157309 -0.309357 1.094687 -0.503699 -0.035558 1.094687 -0.519545 -0.059273 1.094687 
						-0.269462 0.720960 1.094687 -0.543261 0.059951 1.094687 -1.299779 0.294189 1.094687 -1.359805 -0.007584 1.094687 -0.644334 -0.007584 1.094687 -0.638770 0.020390 1.094687 -0.571235 -0.796155 1.094687 -0.269462 -0.736128 1.094687 -0.543261 -0.075119 1.094687 -0.571235 -0.080684 1.094687 0.157309 0.294189 1.094687 -0.013631 0.550019 1.094687 -0.519545 0.044105 1.094687 -0.503699 0.020390 1.094687 -1.128838 0.550019 1.094687 -0.622924 0.044105 1.094687 -0.873007 -0.736128 1.094687 -0.599208 -0.075119 1.094687 0.217336 -0.007584 1.094687 -0.498135 -0.007584 1.094687 -0.543261 -0.075119 1.094687 -0.519545 -0.059273 1.094687 -0.533550 -0.045269 1.140342 -0.550840 -0.056822 1.140342 -0.622924 0.044105 1.094687 -0.638770 0.020390 1.094687 -0.620472 0.012811 1.140342 -0.608919 0.030100 1.140342 -0.503699 -0.035558 1.094687 -0.521997 -0.027979 1.140342 -0.644334 -0.007584 1.094687 -0.624529 -0.007584 1.140342 -0.498135 -0.007584 1.094687 -0.517940 -0.007584 1.140342 -0.638770 -0.035558 1.094687 -0.620472 -0.027979 1.140342 -0.503699 0.020390 1.094687 -0.521997 0.012811 1.140342 -0.622924 -0.059273 1.094687 -0.608919 -0.045269 1.140342 -0.519545 0.044105 1.094687 -0.533550 0.030100 1.140342 -0.599208 -0.075119 1.094687 -0.591629 -0.056822 1.140342 -0.543261 0.059951 1.094687 -0.550840 0.041653 1.140342 -0.571235 -0.080684 1.094687 -0.571235 -0.060878 1.140342 -0.571235 0.065515 1.094687 -0.599208 0.059951 1.094687 -0.591629 0.041653 1.140342 -0.571235 0.045710 1.140342 -0.550840 0.041653 1.140342 -0.571235 0.045710 1.140342 -0.571235 -0.007584 1.140342 -0.591629 0.041653 1.140342 -0.608919 0.030100 1.140342 -0.620472 0.012811 1.140342 -0.624529 -0.007584 1.140342 -0.620472 -0.027979 1.140342 -0.608919 -0.045269 1.140342 -0.591629 -0.056822 1.140342 -0.571235 -0.060878 1.140342 -0.550840 -0.056822 1.140342 
						-0.533550 -0.045269 1.140342 -0.521997 -0.027979 1.140342 -0.517940 -0.007584 1.140342 -0.521997 0.012811 1.140342 -0.533550 0.030100 1.140342 0.225653 -0.513741 1.171140 0.407581 -0.655637 1.171140 0.425515 -0.658076 1.159783 0.218921 -0.496941 1.159783 0.208006 -0.911517 1.171140 0.026078 -0.769621 1.171140 0.008144 -0.767182 1.159783 0.214738 -0.928317 1.159783 0.214839 -0.928396 1.045794 0.008043 -0.767103 1.045794 0.432597 -0.714619 1.045794 0.432518 -0.714720 1.159783 0.271383 -0.921315 1.159783 0.271304 -0.921416 1.045794 0.415717 -0.721453 1.171140 0.159838 -0.521878 1.171140 0.017942 -0.703805 1.171140 0.273821 -0.903380 1.171140 0.162276 -0.503943 1.159783 0.001141 -0.710538 1.159783 0.218820 -0.496862 1.045794 0.425616 -0.658154 1.045794 0.008144 -0.767182 1.159783 0.218921 -0.496941 1.159783 0.425515 -0.658076 1.159783 0.214738 -0.928317 1.159783 0.214839 -0.928396 1.045794 0.001062 -0.710639 1.045794 0.008043 -0.767103 1.045794 0.218820 -0.496862 1.045794 0.162355 -0.503842 1.045794 0.425616 -0.658154 1.045794 0.195742 -0.533273 1.105480 0.186465 -0.534964 1.109386 0.076194 0.080476 1.109386 0.085471 0.082167 1.105480 0.182622 -0.535664 1.118816 0.072352 0.079775 1.118816 0.186465 -0.534964 1.128246 0.076194 0.080476 1.128246 0.195742 -0.533273 1.132152 0.085471 0.082167 1.132152 0.205019 -0.531582 1.128246 0.094748 0.083858 1.128246 0.208862 -0.530881 1.118816 0.098591 0.084558 1.118816 0.205019 -0.531582 1.109386 0.094748 0.083858 1.109386 0.195742 -0.533273 1.105480 0.085471 0.082167 1.105480 0.097411 0.165954 1.136636 0.110638 0.098735 1.136636 0.113189 0.094503 1.133825 0.098168 0.170837 1.133825 0.051685 0.087134 1.136636 0.038458 0.154353 1.136636 0.035907 0.158585 1.133825 0.050928 0.082252 1.133825 0.050935 0.082214 1.105604 
						0.035900 0.158622 1.105604 0.108194 0.081307 1.105604 0.108171 0.081302 1.133825 0.060573 0.071936 1.133825 0.060550 0.071932 1.105604 0.104807 0.083396 1.136636 0.086203 0.177940 1.136636 0.044289 0.169692 1.136636 0.062893 0.075149 1.136636 0.088523 0.181152 1.133825 0.040925 0.171786 1.133825 0.098161 0.170874 1.105604 0.113196 0.094466 1.105604 0.035907 0.158585 1.133825 0.098168 0.170837 1.133825 0.113189 0.094503 1.133825 0.050928 0.082252 1.133825 0.050935 0.082214 1.105604 0.040902 0.171781 1.105604 0.035900 0.158622 1.105604 0.098161 0.170874 1.105604 0.088546 0.181157 1.105604 0.113196 0.094466 1.105604 -1.652794 0.172080 0.588215 -1.652794 -0.172080 0.588215 -1.618652 -0.172185 0.588413 -1.618652 0.172185 0.588413 -1.652611 0.191226 0.586830 -1.659022 0.188542 0.586147 -1.660591 0.171765 0.586830 -1.663773 0.172080 0.104021 -1.664229 0.172185 0.177259 -1.660915 0.191781 0.177259 -1.660591 0.191226 0.104101 -1.660591 0.171765 0.090844 -1.659022 0.188542 0.091527 -1.652856 0.197448 0.500415 -1.618652 0.198258 0.500415 -1.618652 0.198258 0.338837 -1.652856 0.197448 0.338837 -1.660591 -0.171765 0.586830 -1.659022 -0.188542 0.586147 -1.652611 -0.191226 0.586830 -1.618652 0.191781 0.586971 -1.652794 0.172080 0.089459 -1.652794 -0.172080 0.089459 -1.660591 -0.171765 0.090844 -1.618652 -0.172185 0.089261 -1.618652 -0.191781 0.090703 -1.652611 -0.191226 0.090844 -1.663773 -0.172080 0.573653 -1.663773 0.172080 0.573653 -1.664229 0.172185 0.500415 -1.664229 -0.172185 0.500415 -1.618652 -0.197448 0.103994 -1.618652 -0.198258 0.177259 -1.652856 -0.197448 0.177259 -1.652794 -0.196669 0.104021 -1.618652 -0.197448 0.573680 -1.652794 -0.196669 0.573653 -1.652856 -0.197448 0.500415 -1.618652 -0.198258 0.500415 -1.660915 -0.191781 0.177259 -1.660591 -0.191226 0.104101 
						-1.652611 -0.191226 0.090844 -1.659022 -0.188542 0.091527 -1.652611 0.191226 0.090844 -1.618652 0.172185 0.089261 -1.618652 -0.191781 0.586971 -1.663773 -0.172080 0.104021 -1.664229 -0.172185 0.177259 -1.652794 0.196669 0.104021 -1.652611 0.191226 0.090844 -1.652856 0.197448 0.177259 -1.618652 0.197448 0.103994 -1.618652 0.191781 0.090703 -1.660591 0.191226 0.573573 -1.660915 0.191781 0.500415 -1.618652 -0.191781 0.586971 -1.652611 -0.191226 0.586830 -1.652611 0.191226 0.586830 -1.618652 0.191781 0.586971 -1.618652 0.197448 0.573680 -1.652794 0.196669 0.573653 -1.660591 -0.191226 0.573573 -1.660915 -0.191781 0.500415 -1.618652 0.198258 0.177259 -1.660915 0.191781 0.338837 -1.652856 -0.197448 0.338837 -1.618652 -0.198258 0.338837 -1.664229 -0.172185 0.338837 -1.664229 0.172185 0.338837 -1.660915 -0.191781 0.338837 -1.618652 -0.191781 0.090703 -1.618652 0.191781 0.090703 
					</float_array>
					<technique_common>
						<accessor count="1055" offset="0" source="#meshId0-positions-array" stride="3">
							<param name="X" type="float" />
							<param name="Y" type="float" />
							<param name="Z" type="float" />
						</accessor>
					</technique_common>
				</source>
				<source id="meshId0-normals" name="meshId0-normals">
					<float_array id="meshId0-normals-array" count="3165"> 
						0.707137 -0.000153 0.707076 0.963701 0.210337 0.164437 0.712876 -0.315420 0.626353 0.707107 0.000000 0.707107 -0.707137 0.000122 0.707076 -0.963665 -0.210336 0.164649 -0.712876 0.315359 0.626384 -0.707107 0.000000 0.707107 0.000305 0.707061 0.707153 -0.210217 0.963768 0.164194 0.315298 0.712876 0.626414 0.000000 0.707107 0.707107 -0.000183 -0.707076 0.707137 0.210307 -0.963671 0.164650 -0.315475 -0.712862 0.626341 0.000000 -0.707107 0.707107 -0.707122 -0.000122 0.707091 -0.963663 0.210366 0.164619 -0.821587 0.354790 -0.446227 -0.895699 -0.000092 -0.444660 0.000183 -0.707076 0.707137 -0.210306 -0.963666 0.164680 -0.352527 -0.823225 -0.445000 0.000122 -0.895711 -0.444636 0.707137 0.000153 0.707076 0.963702 -0.210307 0.164467 0.824076 -0.351580 -0.444174 0.895681 0.000122 -0.444697 -0.210306 -0.963666 0.164680 -0.963665 -0.210336 0.164649 -0.821752 -0.354996 -0.445759 -0.352527 -0.823225 -0.445000 0.355515 -0.821693 -0.445455 0.322713 -0.770128 -0.550235 0.805537 -0.267871 -0.528540 -0.000305 0.707046 0.707168 0.210218 0.963773 0.164164 0.350269 0.828504 -0.436913 -0.000244 0.895669 -0.444722 0.826460 0.353443 -0.438225 0.773047 0.328965 -0.542384 0.279892 0.804366 -0.524077 0.622354 0.281665 -0.730302 0.577584 -0.577157 -0.577310 0.289777 -0.848791 -0.442249 0.698314 -0.693065 -0.178935 0.622354 -0.281665 -0.730302 -0.281660 0.622405 -0.730260 -0.352710 0.822767 -0.445702 -0.281112 0.796855 -0.534787 -0.779640 0.307724 -0.545406 -0.210217 0.963768 0.164194 0.210307 -0.963671 0.164650 0.963701 0.210337 0.164437 -0.278854 -0.798567 -0.533415 0.281665 -0.622354 -0.730302 -0.622354 -0.281665 -0.730302 -0.777850 -0.310871 -0.546176 -0.278854 -0.798567 -0.533415 0.712869 0.315386 0.626378 0.712869 0.315386 -0.626378 0.768520 -0.114109 -0.629569 0.963351 -0.210952 0.165691 -0.404589 0.914499 0.000000 
						-0.315386 0.712869 -0.626378 0.076663 0.840124 -0.536949 -0.023805 0.999717 -0.000183 0.315386 0.712869 -0.626378 0.404589 0.914499 0.000000 0.023805 0.999717 -0.000183 -0.077915 0.839148 -0.538293 0.404527 0.914526 -0.000000 -0.210217 0.963768 0.164194 0.023774 0.999717 -0.000183 -0.707107 0.000000 0.707107 -0.712869 0.315386 0.626378 -0.712869 0.315386 -0.626378 -0.707107 0.000000 -0.707107 0.000000 -1.000000 0.000000 0.000000 -1.000000 0.000000 0.000000 -0.707107 -0.707107 0.000000 -0.707107 -0.707107 -0.278854 -0.798567 -0.533415 -0.343710 -0.924250 -0.166209 0.688849 -0.691962 -0.216045 0.281665 -0.622354 -0.730302 0.622354 0.281665 -0.730302 0.698304 0.693085 -0.178902 0.289719 0.849014 -0.441857 0.577116 0.577543 -0.577391 0.000000 -0.707107 0.707107 0.000000 -1.000000 0.000000 0.000000 -1.000000 0.000000 0.404589 -0.914499 -0.000000 0.315386 -0.712869 -0.626378 -0.078435 -0.838547 -0.539153 0.023835 -0.999716 -0.000122 0.000000 0.000000 -1.000000 0.000000 0.000000 -1.000000 0.000000 0.000000 -1.000000 0.000000 0.000000 -1.000000 0.000000 -0.319046 -0.947739 0.000000 -0.319046 -0.947739 0.000000 -0.895772 -0.444514 0.000000 -0.895772 -0.444514 0.000244 0.895669 -0.444722 0.281665 0.622354 -0.730301 0.000305 0.707061 0.707153 0.000000 0.895760 -0.444538 0.000000 0.895760 -0.444538 0.299634 0.904059 0.304791 -0.299429 0.904452 0.303824 -0.210306 -0.963666 0.164680 0.000183 -0.707076 0.707137 0.000000 -0.707107 0.707107 0.315420 -0.712876 0.626353 0.000000 0.319046 -0.947739 0.000000 0.000000 -1.000000 0.707107 0.000000 -0.707107 0.210218 0.963773 0.164164 -0.000305 0.707046 0.707168 0.000000 0.707107 0.707107 -0.315359 0.712876 0.626384 0.210307 -0.963671 0.164650 -0.000183 -0.707076 0.707137 -0.000153 -0.895711 -0.444636 0.355515 -0.821693 -0.445455 -0.281663 -0.622289 -0.730358 
						0.322713 -0.770128 -0.550235 -0.404563 0.914510 0.000000 -0.023805 0.999717 -0.000183 0.210218 0.963773 0.164164 -0.707107 0.000153 -0.707107 -0.859232 0.238720 -0.452475 -0.687392 -0.694809 -0.211501 -0.281663 -0.622289 -0.730358 0.577879 0.576964 0.577208 -0.576780 0.577757 0.577513 -0.299429 0.904452 0.303824 0.299634 0.904059 0.304791 0.000000 0.000000 -1.000000 0.000000 -0.319046 -0.947739 0.707107 0.000000 -0.707107 0.299634 0.904028 0.304883 0.000000 0.895760 -0.444538 0.000000 0.319046 -0.947739 0.000000 0.319046 -0.947739 0.322713 -0.770128 -0.550235 0.403006 -0.900012 -0.166025 0.931844 -0.333423 -0.143166 0.805537 -0.267871 -0.528540 0.000000 -0.464779 -0.885427 0.000000 -0.464779 -0.885427 0.000000 -0.954751 -0.297406 0.000000 -0.954751 -0.297406 -0.577350 -0.577350 -0.577350 -0.577350 0.577350 -0.577350 -0.622354 0.281665 -0.730302 0.698304 0.693085 -0.178902 0.622354 0.281665 -0.730302 -0.707107 0.000000 0.707107 -0.707107 0.000000 -0.707107 -0.707107 0.000000 -0.707107 0.712876 0.315298 0.626414 0.712898 0.315324 -0.626376 0.963275 -0.211040 -0.166024 0.963702 -0.210307 0.164467 -0.895699 0.000092 -0.444660 0.622354 -0.281665 -0.730302 0.577116 0.577543 -0.577391 0.577584 -0.577157 -0.577310 0.895681 -0.000122 -0.444697 0.707137 -0.000153 0.707076 -0.707137 0.000122 0.707076 -0.707122 -0.000122 0.707091 0.963702 -0.210307 0.164467 0.707137 0.000153 0.707076 0.707107 0.000000 0.707107 -0.963663 0.210366 0.164619 -0.712862 -0.315475 0.626341 0.281665 -0.622354 -0.730302 0.688849 -0.691962 -0.216045 0.857145 0.233894 -0.458908 0.707107 0.000000 -0.707107 -0.712869 -0.315386 0.626378 -0.712869 -0.315386 -0.626378 -0.768723 0.113654 -0.629402 -0.963530 0.210401 0.165354 -0.707122 0.000153 -0.707091 -0.859323 -0.238506 -0.452414 -0.622354 0.281665 -0.730302 -0.698859 0.689551 -0.190043 
						-0.904943 -0.394303 -0.160010 -0.777850 -0.310871 -0.546176 -0.576852 0.577737 0.577462 0.000000 1.000000 0.000000 -0.706588 0.707625 -0.000000 -0.779640 0.307724 -0.545406 -0.907723 0.389055 -0.157081 -0.700650 -0.688840 -0.185981 -0.622354 -0.281665 -0.730302 0.707107 0.000000 -0.707107 0.707107 0.000000 -0.707107 -0.963456 0.210429 -0.165749 0.023774 0.999717 -0.000183 0.000000 -1.000000 0.000000 0.000000 -0.707107 0.707107 0.963275 -0.211040 -0.166024 -0.023896 -0.999714 -0.000122 -0.023805 0.999717 -0.000183 0.963260 0.211036 -0.166113 0.707107 0.000000 0.707107 0.712869 -0.315386 0.626378 0.712869 -0.315386 -0.626378 0.707107 0.000000 -0.707107 0.000000 1.000000 0.000000 -0.315386 -0.712869 -0.626378 -0.404626 -0.914482 0.000000 -0.023835 -0.999716 -0.000122 0.077214 -0.839500 -0.537845 -0.963530 -0.210401 0.165354 -0.768106 -0.114477 -0.630007 0.000000 -1.000000 0.000000 0.000000 -0.707107 -0.707107 -0.707107 0.000000 -0.707107 -0.358843 0.011048 -0.933333 -0.358634 -0.011536 -0.933407 -0.707122 0.000153 -0.707091 -0.707107 0.000153 -0.707107 0.000000 0.000000 -1.000000 0.000000 0.000000 -1.000000 0.707107 0.000000 -0.707107 0.358813 -0.011750 -0.933335 0.359022 0.011261 -0.933261 -0.299429 0.904421 0.303915 -0.768723 0.113654 -0.629402 -0.768106 -0.114477 -0.630007 0.010773 -0.461692 -0.886975 -0.078435 -0.838547 -0.539153 0.077214 -0.839500 -0.537845 -0.011231 -0.461545 -0.887046 0.768520 -0.114109 -0.629569 0.769154 0.113258 -0.628947 0.000000 0.707107 -0.707107 -0.011445 0.461883 -0.886867 0.076663 0.840124 -0.536949 0.690351 0.691542 -0.212568 0.469965 0.466455 -0.749368 -0.257950 0.607091 -0.751600 -0.348100 0.923690 -0.160072 0.470452 -0.461174 -0.752326 0.467379 0.496861 -0.731222 0.333603 0.929333 -0.158271 0.242719 0.611055 -0.753458 -0.479635 0.469198 -0.741487 -0.690402 0.694186 -0.203593 
						-0.477110 -0.498169 -0.724012 0.000000 -0.607125 -0.794606 0.858817 -0.234359 -0.455533 -0.289540 0.847317 -0.445220 -0.290085 -0.851303 -0.437188 0.306382 -0.591308 -0.745979 0.624518 -0.238143 -0.743818 -0.700650 -0.688840 -0.185981 -0.470417 -0.502583 -0.725340 0.000000 -0.610906 -0.791703 0.899336 0.410512 -0.150581 0.610260 0.287643 -0.738135 0.483609 0.497525 -0.720133 0.000000 0.607110 -0.794618 -0.281112 0.796855 -0.534787 0.622354 -0.281665 -0.730302 0.698314 -0.693065 -0.178935 0.773047 0.328965 -0.542384 0.279892 0.804366 -0.524077 -0.281660 0.622405 -0.730260 -0.577350 0.577350 -0.577350 -0.698859 0.689551 -0.190043 -0.622354 0.281665 -0.730302 0.707107 0.000000 -0.707107 0.690351 0.691542 -0.212568 0.281665 0.622354 -0.730301 0.281665 0.622354 -0.730301 -0.281660 0.622405 -0.730260 -0.690402 0.694186 -0.203593 -0.622354 -0.281665 -0.730302 -0.577350 -0.577350 -0.577350 -0.281663 -0.622289 -0.730358 -0.687392 -0.694809 -0.211501 -0.253465 -0.602701 -0.756642 0.000000 0.604614 -0.796518 -0.602723 -0.281814 -0.746529 -0.470905 0.496480 -0.729216 -0.480436 -0.458005 -0.747939 -0.476612 0.498311 -0.724242 0.483574 -0.497522 -0.720158 0.466909 -0.502982 -0.727327 -0.604764 0.282941 -0.744449 0.000000 0.707107 -0.707107 -0.077915 0.839148 -0.538293 0.010956 0.462030 -0.886797 -0.358843 0.011048 -0.933333 -0.915722 0.039553 -0.399860 -0.915703 -0.041445 -0.399712 -0.358634 -0.011536 -0.933407 -0.011445 0.461883 -0.886867 -0.048281 0.958549 -0.280808 0.350852 0.863609 -0.362052 0.076663 0.840124 -0.536949 -0.768723 0.113654 -0.629402 -0.861338 0.323807 -0.391467 -0.352258 0.862882 -0.362421 -0.077915 0.839148 -0.538293 0.046054 0.958399 -0.281693 0.010956 0.462030 -0.886797 0.768520 -0.114109 -0.629569 0.860979 -0.324755 -0.391471 0.351334 -0.863288 -0.362351 0.077214 -0.839500 -0.537845 -0.861338 0.323807 -0.391467 
						-0.768723 0.113654 -0.629402 -0.078435 -0.838547 -0.539153 -0.352716 -0.862579 -0.362696 -0.860672 -0.325274 -0.391714 -0.768106 -0.114477 -0.630007 0.861652 0.323261 -0.391227 0.769154 0.113258 -0.628947 0.010773 -0.461692 -0.886975 0.045199 -0.958223 -0.282428 0.000000 -0.464779 -0.885427 0.000000 -0.954751 -0.297406 -0.047366 -0.958370 -0.281572 -0.011231 -0.461545 -0.887046 0.284225 0.747507 -0.600374 0.000000 0.954883 -0.296982 0.359022 0.011261 -0.933261 0.915838 0.040285 -0.399521 0.358813 -0.011750 -0.933335 0.915817 -0.042208 -0.399373 0.769154 0.113258 -0.628947 0.861652 0.323261 -0.391227 0.734292 0.268569 0.623446 0.696784 -0.029298 0.716682 0.697274 0.028017 0.716257 -0.029298 0.696784 0.716682 0.268569 0.734292 0.623447 -0.697454 0.027498 0.716102 -0.696965 -0.028780 0.716528 -0.733993 0.269090 0.623574 -0.269851 0.733561 0.623753 0.028017 0.697274 0.716257 -0.733993 0.269090 0.623574 -0.733276 -0.270366 0.623866 -0.270372 -0.733262 0.623880 0.027498 -0.697454 0.716101 0.269090 -0.733993 0.623574 -0.028780 -0.696965 0.716528 0.000000 -0.707107 0.707107 0.733561 -0.269851 0.623753 0.000000 0.707107 0.707107 -0.269851 0.733561 0.623753 -0.733993 0.269090 0.623574 -0.696965 -0.028780 0.716528 0.028017 0.697274 0.716257 0.000000 -0.582092 0.813123 0.000000 -0.582092 0.813123 0.000000 0.581665 0.813428 0.000000 0.581665 0.813428 -0.697454 0.027498 0.716102 -0.733276 -0.270366 0.623866 -0.270372 -0.733262 0.623880 0.027498 -0.697454 0.716101 -0.028780 -0.696965 0.716528 0.269090 -0.733993 0.623574 0.733561 -0.269851 0.623753 0.697274 0.028017 0.716257 0.696784 -0.029298 0.716682 0.734292 0.268569 0.623446 0.268569 0.734292 0.623447 -0.029298 0.696784 0.716682 0.000000 -0.707107 0.707107 0.000000 0.581665 0.813428 0.179878 0.378251 0.908058 -0.361317 -0.151253 0.920094 
						-0.364063 0.149879 0.919236 0.361189 0.151098 0.920169 0.535096 0.218458 0.816057 0.534452 -0.222516 0.815382 0.358451 -0.152445 0.921017 -0.536038 0.214305 0.816539 -0.200266 0.587889 0.783760 -0.181252 0.374712 0.909252 0.178658 -0.381883 0.906778 0.000000 0.707107 0.707107 0.000000 -0.582092 0.813123 -0.180064 -0.378348 0.907981 0.196879 0.588623 0.784067 0.193371 -0.589696 0.784135 -0.535394 -0.218333 0.815894 -0.196757 -0.588989 0.783823 0.000000 0.581665 0.813428 0.000000 0.954883 -0.296982 -0.284166 0.747968 -0.599827 -0.706587 0.707594 0.006836 -0.299429 0.904452 0.303824 -0.706588 0.707625 -0.000031 0.734292 0.268569 0.623446 -0.284168 0.747914 -0.599894 0.707517 0.706662 0.006928 -0.706693 0.707487 0.006836 0.000000 -0.707107 0.707107 0.000000 -0.707107 0.707107 -0.284168 0.747914 -0.599894 -0.706693 0.707487 0.006836 -0.706695 0.707519 -0.000031 -0.576994 0.577635 -0.577421 0.000000 -0.582092 0.813123 0.000000 -0.582092 0.813123 0.000000 -0.582092 0.813123 0.000000 -0.582092 0.813123 0.000000 0.581665 0.813428 0.000000 0.581665 0.813428 -0.301503 0.301503 0.904540 0.000000 0.707107 0.707107 0.000000 0.581665 0.813428 0.000000 0.707107 0.707107 0.000000 0.707107 0.707107 0.000000 -0.707107 0.707107 0.000000 -0.707107 0.707107 0.000000 0.954883 -0.296982 0.000000 0.954883 -0.296982 0.000000 0.707107 0.707107 0.000000 0.707107 0.707107 0.000000 -0.464779 -0.885427 0.577706 0.577065 -0.577279 0.284225 0.747507 -0.600374 0.707625 0.706588 0.000000 0.299634 0.904059 0.304791 0.707624 0.706556 0.006897 0.284256 0.747446 -0.600435 0.000000 -0.707107 0.707107 0.000000 0.319046 -0.947739 0.000000 -0.464779 -0.885427 0.000000 -0.464779 -0.885427 0.000000 -0.707107 -0.707107 0.000000 -0.707107 -0.707107 0.000000 -0.707107 0.707107 0.000000 -0.707107 0.707107 
						0.000000 -1.000000 0.000000 0.284256 0.747446 -0.600435 -0.284168 0.747914 -0.599894 0.577737 0.577035 -0.577279 0.000000 -0.895772 -0.444514 0.000000 0.581665 0.813428 0.000000 0.707107 0.707107 0.000000 -0.707107 0.707107 0.000000 -0.582092 0.813123 0.000000 0.707107 0.707107 0.000000 -0.707107 0.707107 0.000000 -0.954751 -0.297406 0.000000 -0.464779 -0.885427 0.000000 -0.707107 -0.707107 0.000000 -0.464779 -0.885427 -0.576943 0.577676 -0.577432 -0.284166 0.747968 -0.599827 0.000000 -0.707107 0.707107 0.000000 -0.707107 0.707107 -0.299429 0.904421 0.303915 0.000000 0.895760 -0.444538 0.000000 -1.000000 0.000000 0.000000 -1.000000 0.000000 0.299634 0.904028 0.304883 0.577920 0.576943 0.577187 0.000000 -0.707107 0.707107 0.000000 -0.895772 -0.444514 0.000000 -0.319046 -0.947739 0.707625 0.706588 0.000031 0.000000 -0.707107 0.707107 -0.301503 -0.301503 0.904540 0.000000 -0.707107 0.707107 0.000000 -0.707107 0.707107 0.000000 -0.707107 0.707107 0.000000 -1.000000 0.000000 0.000000 -1.000000 0.000000 0.000000 -1.000000 0.000000 0.707519 0.706695 0.000031 0.707517 0.706662 0.006928 0.284225 0.747507 -0.600374 0.707563 0.706617 0.006897 -0.706647 0.707533 0.006867 -0.284166 0.747968 -0.599827 -0.706647 0.707533 0.006867 -0.706649 0.707564 -0.000000 0.707564 0.706649 -0.000000 -0.706586 0.707594 0.006867 -0.299429 0.904421 0.303915 0.000000 1.000000 0.000000 0.707563 0.706617 0.006897 0.284256 0.747446 -0.600435 -0.706587 0.707594 0.006836 0.707624 0.706556 0.006928 -0.706586 0.707594 0.006867 0.707624 0.706556 0.006897 0.299634 0.904028 0.304883 0.707624 0.706556 0.006928 -0.404651 -0.914471 -0.000000 -0.707107 0.000000 0.707107 0.404626 -0.914482 0.000000 0.712862 -0.315414 -0.626372 0.963701 0.210337 0.164437 0.963260 0.211036 -0.166113 0.023805 0.999717 -0.000183 
						-0.963530 0.210401 0.165354 0.963345 0.210981 0.165690 -0.023805 0.999717 -0.000183 -0.963530 -0.210401 0.165354 0.023835 -0.999716 -0.000122 -0.078435 -0.838547 -0.539153 -0.768106 -0.114477 -0.630007 0.023835 -0.999716 -0.000122 -0.963459 -0.210460 -0.165688 -0.023835 -0.999716 -0.000122 0.963351 -0.210952 0.165691 0.768520 -0.114109 -0.629569 0.077214 -0.839500 -0.537845 0.000000 1.000000 0.000000 -0.712840 -0.315448 -0.626379 -0.963456 0.210429 -0.165749 -0.963663 0.210366 0.164619 0.707107 0.000000 0.707107 0.023835 -0.999716 -0.000122 -0.210306 -0.963666 0.164680 0.210307 -0.963671 0.164650 -0.023896 -0.999714 -0.000122 -0.712891 0.315352 -0.626370 -0.963665 -0.210336 0.164649 -0.963459 -0.210460 -0.165688 0.963345 0.210981 0.165690 0.769154 0.113258 -0.628947 -0.963459 -0.210460 -0.165688 -0.707061 -0.000000 -0.707153 -0.707153 0.000000 0.707061 -0.707061 -0.000000 -0.707153 -0.963530 0.210401 0.165354 -0.707153 0.000000 0.707061 0.707335 -0.000671 0.706878 0.707305 -0.000671 -0.706908 0.707320 0.000702 -0.706893 0.707335 0.000702 0.706878 -0.707153 0.000000 0.707061 -0.707061 -0.000000 -0.707153 -0.707153 0.000000 0.707061 -0.963530 -0.210401 0.165354 -0.707061 -0.000000 -0.707153 -0.963456 0.210429 -0.165749 0.707320 0.000702 -0.706893 0.707305 -0.000671 -0.706908 0.707335 -0.000671 0.706878 0.707335 0.000702 0.706878 0.963345 0.210981 0.165690 0.963260 0.211036 -0.166113 0.963275 -0.211040 -0.166024 0.963351 -0.210952 0.165691 0.000000 0.707107 0.707107 0.000000 0.707107 0.707107 0.577350 0.577350 0.577350 0.301503 0.301503 0.904540 -0.301503 0.301503 0.904540 -0.577350 0.577350 0.577350 0.301503 0.301503 0.904540 0.301503 -0.301503 0.904540 0.000000 -0.707107 0.707107 -0.577350 -0.577350 0.577350 0.000000 -0.707107 0.707107 0.577350 -0.577350 0.577350 0.000000 -0.707107 0.707107 
						-0.301503 -0.301503 0.904540 0.301503 0.301503 0.904540 0.301503 -0.301503 0.904540 0.301503 -0.301503 0.904540 -0.301503 -0.301503 0.904540 -0.301503 0.301503 0.904540 -0.665597 0.746199 0.012971 0.665597 0.746199 -0.012971 0.660018 0.689409 -0.298482 -0.671175 0.689395 -0.272505 0.655288 0.527655 -0.540534 -0.675882 0.527650 -0.514557 0.652133 0.285537 -0.702276 -0.679055 0.285539 -0.676278 0.651038 -0.000000 -0.759045 -0.680151 0.000000 -0.733072 -0.680151 0.000000 -0.733072 0.651038 -0.000000 -0.759045 0.652133 -0.285537 -0.702276 -0.679055 -0.285539 -0.676278 0.655288 -0.527655 -0.540534 -0.675882 -0.527650 -0.514557 0.660018 -0.689409 -0.298482 -0.671175 -0.689395 -0.272505 0.665597 -0.746199 -0.012971 -0.665597 -0.746199 0.012971 0.671175 -0.689395 0.272505 -0.660018 -0.689409 0.298482 0.675882 -0.527650 0.514557 -0.655288 -0.527655 0.540534 0.679055 -0.285539 0.676278 -0.652133 -0.285537 0.702276 0.680151 0.000000 0.733072 -0.651022 0.000000 0.759058 0.679055 0.285539 0.676278 -0.652133 0.285537 0.702276 0.675882 0.527650 0.514557 -0.655288 0.527655 0.540534 0.671175 0.689395 0.272505 -0.660018 0.689409 0.298482 0.660018 0.689409 -0.298482 0.665597 0.746199 -0.012971 0.999810 0.000000 -0.019502 0.671175 0.689395 0.272505 0.675882 0.527650 0.514557 0.679055 0.285539 0.676278 0.680151 0.000000 0.733072 0.679055 -0.285539 0.676278 0.675882 -0.527650 0.514557 0.671175 -0.689395 0.272505 0.665597 -0.746199 -0.012971 0.660018 -0.689409 -0.298482 0.655288 -0.527655 -0.540534 0.652133 -0.285537 -0.702276 0.651038 -0.000000 -0.759045 0.652133 0.285537 -0.702276 0.655288 0.527655 -0.540534 -0.665597 0.746199 0.012971 -0.671175 0.689395 -0.272505 -0.999810 -0.000000 0.019502 -0.675882 0.527650 -0.514557 -0.679055 0.285539 -0.676278 -0.680151 0.000000 -0.733072 -0.679055 -0.285539 -0.676278 
						-0.675882 -0.527650 -0.514557 -0.671175 -0.689395 -0.272505 -0.665597 -0.746199 0.012971 -0.660018 -0.689409 0.298482 -0.655288 -0.527655 0.540534 -0.652133 -0.285537 0.702276 -0.651022 0.000000 0.759058 -0.652133 0.285537 0.702276 -0.655288 0.527655 0.540534 -0.660018 0.689409 0.298482 -0.650610 0.746196 -0.141060 0.650610 0.746196 0.141060 0.711106 0.689407 -0.138010 -0.590094 0.689405 -0.420131 0.762406 0.527651 -0.374596 -0.538794 0.527654 -0.656721 0.796685 0.285542 -0.532690 -0.504521 0.285542 -0.814815 -0.504521 0.285542 -0.814815 0.796685 0.285542 -0.532690 0.808722 0.000000 -0.588192 -0.492490 0.000000 -0.870318 0.796685 -0.285542 -0.532690 -0.504521 -0.285542 -0.814815 0.762406 -0.527651 -0.374596 -0.538794 -0.527654 -0.656721 0.711106 -0.689407 -0.138010 -0.590094 -0.689405 -0.420131 0.650610 -0.746196 0.141060 -0.650610 -0.746196 -0.141060 0.590094 -0.689405 0.420131 -0.711106 -0.689407 0.138010 0.538794 -0.527654 0.656721 -0.762406 -0.527651 0.374596 0.504521 -0.285542 0.814815 -0.796685 -0.285542 0.532690 0.492490 0.000000 0.870318 -0.808722 0.000000 0.588192 0.504521 0.285542 0.814815 -0.796685 0.285542 0.532690 0.538794 0.527654 0.656721 -0.762406 0.527651 0.374596 0.590094 0.689405 0.420131 -0.711106 0.689407 0.138010 0.711106 0.689407 -0.138010 0.650610 0.746196 0.141060 0.977298 -0.000000 0.211867 0.590094 0.689405 0.420131 0.538794 0.527654 0.656721 0.504521 0.285542 0.814815 0.492490 0.000000 0.870318 0.504521 -0.285542 0.814815 0.538794 -0.527654 0.656721 0.590094 -0.689405 0.420131 0.650610 -0.746196 0.141060 0.711106 -0.689407 -0.138010 0.762406 -0.527651 -0.374596 0.796685 -0.285542 -0.532690 0.808722 0.000000 -0.588192 0.796685 0.285542 -0.532690 0.762406 0.527651 -0.374596 -0.650610 0.746196 -0.141060 -0.590094 0.689405 -0.420131 -0.977298 0.000000 -0.211867 
						-0.538794 0.527654 -0.656721 -0.504521 0.285542 -0.814815 -0.492490 0.000000 -0.870318 -0.504521 -0.285542 -0.814815 -0.538794 -0.527654 -0.656721 -0.590094 -0.689405 -0.420131 -0.650610 -0.746196 -0.141060 -0.711106 -0.689407 0.138010 -0.762406 -0.527651 0.374596 -0.796685 -0.285542 0.532690 -0.808722 0.000000 0.588192 -0.796685 0.285542 0.532690 -0.762406 0.527651 0.374596 -0.711106 0.689407 0.138010 -0.648144 0.746203 -0.151957 0.648144 0.746203 0.151957 0.713329 0.689402 -0.126045 -0.582952 0.689404 -0.429988 0.768592 0.527644 -0.361742 -0.527702 0.527641 -0.665677 0.805514 0.285534 -0.519247 -0.490781 0.285538 -0.823166 0.818466 0.000000 -0.574556 -0.477808 0.000000 -0.878464 -0.477808 0.000000 -0.878464 0.818466 0.000000 -0.574556 0.805514 -0.285534 -0.519247 -0.490781 -0.285538 -0.823166 0.768592 -0.527644 -0.361743 -0.527702 -0.527641 -0.665677 0.713329 -0.689402 -0.126045 -0.582952 -0.689404 -0.429988 0.648144 -0.746203 0.151957 -0.648144 -0.746203 -0.151957 0.582952 -0.689404 0.429988 -0.713329 -0.689402 0.126045 0.527702 -0.527641 0.665677 -0.768592 -0.527644 0.361742 0.490781 -0.285538 0.823166 -0.805514 -0.285534 0.519247 0.477808 0.000000 0.878464 -0.818466 0.000000 0.574556 0.490781 0.285538 0.823166 -0.805527 0.285539 0.519225 0.527702 0.527641 0.665677 -0.768592 0.527644 0.361743 0.582952 0.689404 0.429988 -0.713329 0.689402 0.126045 0.713329 0.689402 -0.126045 0.648144 0.746203 0.151957 0.973601 0.000000 0.228255 0.582952 0.689404 0.429988 0.527702 0.527641 0.665677 0.490781 0.285538 0.823166 0.477808 0.000000 0.878464 0.490781 -0.285538 0.823166 0.527702 -0.527641 0.665677 0.582952 -0.689404 0.429988 0.648144 -0.746203 0.151957 0.713329 -0.689402 -0.126045 0.768592 -0.527644 -0.361743 0.805514 -0.285534 -0.519247 0.818466 0.000000 -0.574556 0.805514 0.285534 -0.519247 
						0.768592 0.527644 -0.361742 -0.648144 0.746203 -0.151957 -0.582952 0.689404 -0.429988 -0.973601 0.000000 -0.228255 -0.527702 0.527641 -0.665677 -0.490781 0.285538 -0.823166 -0.477808 0.000000 -0.878464 -0.490781 -0.285538 -0.823166 -0.527702 -0.527641 -0.665677 -0.582952 -0.689404 -0.429988 -0.648144 -0.746203 -0.151957 -0.713329 -0.689402 0.126045 -0.768592 -0.527644 0.361742 -0.805514 -0.285534 0.519247 -0.818466 0.000000 0.574556 -0.805527 0.285539 0.519225 -0.768592 0.527644 0.361743 -0.713329 0.689402 0.126045 0.000000 1.000000 -0.000000 0.000000 0.746201 0.665721 0.285541 0.689406 0.665723 0.382682 0.923880 0.000000 0.527647 0.527647 0.665716 0.707107 0.707107 0.000000 0.689406 0.285541 0.665723 0.923880 0.382682 0.000000 0.746201 -0.000000 0.665721 1.000000 0.000000 0.000000 0.689406 -0.285541 0.665722 0.923880 -0.382682 0.000000 0.923880 -0.382682 0.000000 0.689406 -0.285541 0.665722 0.527647 -0.527647 0.665716 0.707107 -0.707107 0.000000 0.285541 -0.689406 0.665722 0.382682 -0.923880 0.000000 0.000000 -0.746201 0.665721 0.000000 -1.000000 0.000000 -0.285541 -0.689406 0.665722 -0.382682 -0.923880 0.000000 -0.527647 -0.527647 0.665716 -0.707107 -0.707107 0.000000 -0.689406 -0.285541 0.665722 -0.923880 -0.382682 0.000000 -0.746201 -0.000000 0.665721 -1.000000 0.000000 0.000000 -0.689406 0.285541 0.665723 -0.923880 0.382682 0.000000 -0.527647 0.527647 0.665716 -0.707107 0.707107 0.000000 -0.285541 0.689406 0.665723 -0.382682 0.923880 0.000000 0.000000 0.746201 0.665721 -0.285541 0.689406 0.665723 -0.190256 0.459313 0.867660 0.000000 0.497157 0.867660 -0.689406 -0.285541 0.665722 -0.527647 -0.527647 0.665716 -0.351549 -0.351549 0.867656 -0.459313 -0.190256 0.867660 0.527647 -0.527647 0.665716 0.689406 -0.285541 0.665722 0.459313 -0.190256 0.867660 0.351549 -0.351549 0.867656 
						0.285541 0.689406 0.665723 0.190256 0.459313 0.867660 -0.689406 0.285541 0.665723 -0.746201 -0.000000 0.665721 -0.497157 -0.000000 0.867660 -0.459313 0.190257 0.867660 0.000000 -0.746201 0.665721 0.285541 -0.689406 0.665722 0.190256 -0.459313 0.867660 0.000000 -0.497157 0.867660 0.689406 0.285541 0.665723 0.527647 0.527647 0.665716 0.351549 0.351549 0.867656 0.459313 0.190257 0.867660 -0.527647 0.527647 0.665716 -0.351549 0.351549 0.867656 -0.285541 -0.689406 0.665722 -0.190256 -0.459313 0.867660 0.746201 -0.000000 0.665721 0.497157 -0.000000 0.867660 0.190256 -0.459313 0.867660 0.351549 -0.351549 0.867656 0.419362 -0.419362 0.805153 0.226942 -0.547915 0.805162 -0.351549 0.351549 0.867656 -0.459313 0.190257 0.867660 -0.547915 0.226942 0.805163 -0.419362 0.419362 0.805153 0.459313 -0.190256 0.867660 0.547915 -0.226942 0.805163 -0.497157 -0.000000 0.867660 -0.593053 0.000000 0.805163 0.497157 -0.000000 0.867660 0.593053 0.000000 0.805163 -0.459313 -0.190256 0.867660 -0.547915 -0.226942 0.805163 0.459313 0.190257 0.867660 0.547915 0.226942 0.805163 -0.351549 -0.351549 0.867656 -0.419362 -0.419362 0.805153 0.351549 0.351549 0.867656 0.419362 0.419362 0.805153 -0.190256 -0.459313 0.867660 -0.226942 -0.547915 0.805162 0.190256 0.459313 0.867660 0.226942 0.547915 0.805162 0.000000 -0.497157 0.867660 0.000000 -0.593053 0.805163 0.000000 0.497157 0.867660 -0.190256 0.459313 0.867660 -0.226942 0.547915 0.805162 0.000000 0.593053 0.805163 0.226942 0.547915 0.805162 0.000000 0.593053 0.805163 0.000000 0.000000 1.000000 -0.226942 0.547915 0.805162 -0.419362 0.419362 0.805153 -0.547915 0.226942 0.805163 -0.593053 0.000000 0.805163 -0.547915 -0.226942 0.805163 -0.419362 -0.419362 0.805153 -0.226942 -0.547915 0.805162 0.000000 -0.593053 0.805163 0.226942 -0.547915 0.805162 
						0.419362 -0.419362 0.805153 0.547915 -0.226942 0.805163 0.593053 0.000000 0.805163 0.547915 0.226942 0.805163 0.419362 0.419362 0.805153 0.190377 0.396563 0.898050 0.338243 0.281233 0.898053 0.807139 0.421835 0.413015 0.212565 0.885571 0.413014 -0.190377 -0.396563 0.898050 -0.338270 -0.281230 0.898044 -0.807139 -0.421835 0.413015 -0.212565 -0.885571 0.413014 -0.266189 -0.963921 0.000427 -0.870076 -0.492918 0.000427 0.963921 -0.266189 0.000427 0.885571 -0.212565 0.413014 0.421835 -0.807139 0.413015 0.492918 -0.870076 0.000427 0.396563 -0.190377 0.898050 -0.281233 0.338243 0.898053 -0.396563 0.190377 0.898050 0.281233 -0.338243 0.898053 -0.421835 0.807139 0.413015 -0.885571 0.212565 0.413014 0.266189 0.963921 0.000427 0.870076 0.492918 0.000427 -0.807139 -0.421835 0.413015 0.212565 0.885571 0.413014 0.807139 0.421835 0.413015 -0.212565 -0.885571 0.413014 -0.266189 -0.963921 0.000427 -0.963921 0.266189 0.000427 -0.870076 -0.492918 0.000427 0.266189 0.963921 0.000427 -0.492918 0.870076 0.000427 0.870076 0.492918 0.000427 -0.000702 -0.000122 -1.000000 -0.696390 -0.124763 -0.706736 -0.695662 -0.124642 -0.707473 0.000702 0.000122 -1.000000 -0.984330 -0.176339 0.000000 -0.984330 -0.176339 0.000000 -0.696390 -0.124763 0.706736 -0.695662 -0.124642 0.707473 -0.000702 -0.000122 1.000000 0.000702 0.000122 1.000000 0.695662 0.124642 0.707473 0.696390 0.124763 0.706736 0.984330 0.176339 0.000000 0.984330 0.176339 0.000000 0.695662 0.124642 -0.707473 0.696390 0.124763 -0.706736 -0.000702 -0.000122 -1.000000 0.000702 0.000122 -1.000000 0.472443 0.151621 0.868221 0.494687 0.038637 0.868212 0.910452 -0.115760 0.397087 0.798716 0.452080 0.397084 -0.472443 -0.151621 0.868221 -0.494664 -0.038638 0.868225 -0.910452 0.115760 0.397087 -0.798716 -0.452080 0.397084 -0.890064 -0.455836 0.000366 
						-0.996415 0.084599 0.000366 0.645085 -0.764110 0.000397 0.602815 -0.688085 0.403921 -0.297164 -0.865184 0.403919 -0.307480 -0.951555 0.000397 0.225693 -0.345941 0.910707 0.077794 0.405666 0.910705 -0.225693 0.345941 0.910707 -0.077794 -0.405666 0.910705 0.297164 0.865184 0.403919 -0.602815 0.688085 0.403921 0.890064 0.455836 0.000366 0.996415 -0.084599 0.000366 -0.910452 0.115760 0.397087 0.798716 0.452080 0.397084 0.910452 -0.115760 0.397087 -0.798716 -0.452080 0.397084 -0.890064 -0.455836 0.000366 -0.645085 0.764110 0.000397 -0.996415 0.084599 0.000366 0.890064 0.455836 0.000366 0.307480 0.951555 0.000397 0.996415 -0.084599 0.000366 -0.086124 0.034700 0.995680 -0.086124 -0.034700 0.995680 -0.005738 -0.036470 0.999318 -0.005738 0.036470 0.999318 -0.203500 0.600551 0.773257 -0.652447 0.397456 0.645245 -0.692306 0.057804 0.719285 -0.990993 0.075230 -0.110785 -0.996518 0.083318 -0.003052 -0.845499 0.533961 -0.004029 -0.825302 0.548004 -0.136268 -0.692306 0.057804 -0.719285 -0.652447 0.397456 -0.645245 -0.312211 0.949999 0.005158 -0.023439 0.999711 0.005402 -0.023652 0.999720 0.000000 -0.312911 0.949782 0.000000 -0.692306 -0.057804 0.719285 -0.652447 -0.397456 0.645245 -0.203500 -0.600551 0.773257 -0.014527 0.586364 0.809917 -0.086124 0.034700 -0.995680 -0.086124 -0.034700 -0.995680 -0.692306 -0.057804 -0.719285 -0.005738 -0.036470 -0.999318 -0.014527 -0.586364 -0.809917 -0.203500 -0.600551 -0.773257 -0.990993 -0.075230 0.110785 -0.990993 0.075230 0.110785 -0.996518 0.083318 0.003052 -0.996518 -0.083318 0.003052 -0.021516 -0.979097 -0.202253 -0.023439 -0.999711 -0.005402 -0.312211 -0.949999 -0.005158 -0.283308 -0.941939 -0.180245 -0.021516 -0.979097 0.202253 -0.283309 -0.941944 0.180216 -0.312211 -0.949999 0.005158 -0.023439 -0.999711 0.005402 -0.845499 -0.533961 -0.004029 -0.825302 -0.548004 -0.136268 
						-0.203500 -0.600551 -0.773257 -0.652447 -0.397456 -0.645245 -0.203500 0.600551 -0.773257 -0.005738 0.036470 -0.999318 -0.014527 -0.586364 0.809917 -0.990993 -0.075230 -0.110785 -0.996518 -0.083318 -0.003052 -0.283308 0.941939 -0.180245 -0.203500 0.600551 -0.773257 -0.312211 0.949999 -0.005158 -0.021516 0.979097 -0.202253 -0.014527 0.586364 -0.809917 -0.825302 0.548004 0.136268 -0.845499 0.533961 0.004029 -0.014527 -0.586364 0.809917 -0.203500 -0.600551 0.773257 -0.203500 0.600551 0.773257 -0.014527 0.586364 0.809917 -0.021516 0.979097 0.202253 -0.283309 0.941944 0.180216 -0.825302 -0.548004 0.136268 -0.845499 -0.533961 0.004029 -0.023439 0.999711 -0.005402 -0.845814 0.533478 0.000000 -0.312911 -0.949782 0.000000 -0.023652 -0.999720 0.000000 -0.996495 -0.083652 0.000000 -0.996495 0.083652 0.000000 -0.845814 -0.533478 -0.000000 -0.014527 -0.586364 -0.809917 -0.014527 0.586364 -0.809917 
					</float_array>
					<technique_common>
						<accessor count="1055" offset="0" source="#meshId0-normals-array" stride="3">
							<param name="X" type="float" />
							<param name="Y" type="float" />
							<param name="Z" type="float" />
						</accessor>
					</technique_common>
				</source>
				<source id="meshId0-tangents" name="meshId0-tangents">
					<float_array id="meshId0-tangents-array" count="3165"> 
						0.707076 0.000153 -0.707137 0.266986 -0.759239 -0.593527 0.655807 -0.016576 -0.754746 0.707107 -0.000001 -0.707107 -0.707076 -0.000122 -0.707137 -0.267116 0.758821 -0.594003 -0.655832 0.016554 -0.754725 -0.707107 0.000001 -0.707107 0.000297 0.707152 -0.707061 0.760144 0.266741 -0.592479 0.017041 0.655724 -0.754809 0.000602 0.707107 -0.707107 0.000186 -0.707137 -0.707076 -0.758780 -0.267093 -0.594065 -0.016581 -0.655805 -0.754748 0.000003 -0.707107 -0.707107 -0.639079 -0.427817 -0.639180 -0.194430 -0.129811 -0.972289 0.305302 -0.387203 -0.869980 0.408741 -0.393911 -0.823265 0.007005 0.707121 0.707058 0.040214 0.159778 0.986334 -0.047748 -0.459086 0.887108 0.005820 -0.444628 0.895697 0.677205 -0.287735 -0.677201 0.105128 -0.267337 -0.957851 -0.518234 -0.151250 -0.841758 -0.434176 -0.215999 -0.874549 0.276382 -0.220181 -0.935486 -0.089034 -0.328222 -0.940395 0.522874 -0.158732 -0.837501 0.738524 0.047304 -0.672565 -0.741544 0.042152 -0.669578 -0.867224 -0.007694 -0.497858 -0.562116 -0.063290 -0.824633 -0.124250 0.701661 -0.701594 0.055839 0.155806 -0.986208 -0.126951 -0.420166 -0.898523 -0.117082 -0.441688 -0.889496 -0.258663 -0.452987 -0.853168 -0.393998 -0.421109 -0.816965 -0.328503 -0.432698 -0.839558 -0.742945 -0.081128 -0.664418 -0.601422 0.177339 -0.779001 -0.797448 0.041396 -0.601966 -0.419006 -0.193120 -0.887209 -0.737895 0.100135 -0.667446 -0.245600 -0.782484 -0.572189 0.231953 -0.384572 -0.893478 0.212490 -0.491744 -0.844415 0.312598 -0.563430 -0.764741 -0.095994 0.146787 -0.984499 -0.231422 -0.212702 -0.949317 0.186094 -0.087562 -0.978622 0.097008 -0.576030 0.811652 -0.072110 -0.772694 0.630669 0.758903 -0.445615 -0.474862 0.608520 -0.155438 -0.778166 0.886258 -0.000079 -0.463192 0.655829 0.016565 -0.754728 -0.655827 -0.016572 -0.754729 -0.622748 0.092419 -0.776945 0.161853 -0.035457 -0.986178 -0.000355 -0.000157 -1.000000 
						0.016078 -0.655956 -0.754628 -0.049088 -0.534701 -0.843615 -0.000282 -0.000190 -1.000000 -0.016080 -0.655956 -0.754628 0.000351 -0.000155 -1.000000 0.000268 -0.000190 -1.000000 0.050047 -0.535961 -0.842758 0.000351 -0.000155 -1.000000 -0.034814 0.160461 -0.986428 0.000272 -0.000190 -1.000000 0.707107 0.000002 0.707107 0.655829 -0.016563 0.754727 -0.655828 0.016567 0.754728 -0.707107 0.000001 0.707107 0.000000 0.000000 -1.000000 0.000000 -0.000000 -1.000000 0.000001 0.707107 -0.707107 0.000002 0.707107 -0.707107 0.955698 -0.285272 -0.072536 0.938372 -0.331175 -0.098903 0.721227 0.624224 0.300293 0.959235 0.164330 0.229921 -0.741763 -0.085678 -0.665166 -0.342561 0.104128 -0.933707 -0.794408 -0.044182 -0.605775 -0.614605 -0.158412 -0.772766 0.000001 -0.707107 -0.707107 0.000000 0.000000 -1.000000 -0.000001 0.000000 -1.000000 0.000000 0.000000 -1.000000 -0.016566 0.655829 -0.754728 0.050225 0.536809 -0.842208 0.000004 0.000122 -1.000000 0.009443 -0.999955 0.000000 -0.014473 -0.999895 -0.000000 -0.008401 -0.999965 0.000000 0.002809 -0.999996 0.000000 0.002353 -0.947737 0.319045 -0.004013 -0.947731 0.319044 -0.003007 -0.444512 0.895768 0.002352 -0.444512 0.895770 0.187892 -0.436842 -0.879696 0.196461 -0.782398 -0.590979 0.100806 0.703529 -0.703481 -0.019974 -0.444449 -0.895581 0.013065 -0.444500 -0.895683 0.096481 0.289118 -0.952419 -0.097767 0.287673 -0.952725 0.758727 -0.267111 -0.594125 -0.000184 -0.707137 -0.707076 -0.000001 -0.707107 -0.707107 0.016563 -0.655811 -0.754744 0.030905 -0.947286 -0.318894 0.017243 -0.999851 0.000000 0.010649 -0.999887 0.010649 -0.760197 0.266724 -0.592419 -0.000293 0.707168 -0.707046 -0.000604 0.707107 -0.707107 -0.017049 0.655702 -0.754827 -0.040871 0.159603 0.986335 -0.007922 0.707116 0.707053 -0.006413 -0.444626 0.895693 0.042775 -0.461787 0.885959 0.071513 -0.772673 0.630764 
						-0.099670 -0.605757 0.789382 -0.000357 -0.000158 -1.000000 -0.000284 -0.000190 -1.000000 0.034773 0.160439 -0.986433 -0.663850 -0.344534 0.663776 -0.511586 -0.402144 0.759316 0.071300 -0.354359 0.932387 -0.119981 -0.732359 0.670265 -0.154717 -0.616983 0.771619 0.153869 -0.617466 0.771401 -0.634873 -0.426575 0.644182 0.633789 -0.427408 0.644697 0.006979 -0.999976 -0.000000 0.004781 -0.947728 0.319043 0.003878 -0.999985 0.003878 0.079991 0.294635 -0.952256 -0.045047 -0.444087 -0.894851 -0.021662 -0.947517 -0.318971 0.014338 -0.947642 -0.319014 -0.924169 -0.381910 -0.007490 -0.912984 -0.407971 -0.004577 -0.362673 -0.868462 -0.337998 -0.446449 -0.860863 -0.244126 -0.043504 0.884588 -0.464339 -0.043515 0.884588 -0.464339 -0.040340 0.297164 -0.953974 -0.040356 0.297164 -0.953973 0.800204 -0.540654 -0.259551 0.789286 0.213617 -0.575669 0.727122 -0.137367 -0.672624 0.417643 -0.597483 -0.684535 -0.029793 -0.923811 -0.381688 -0.707107 -0.000000 -0.707107 0.707107 -0.000000 -0.707107 0.707107 -0.000002 -0.707107 0.655851 0.016556 -0.754709 -0.655816 -0.016555 -0.754739 -0.162185 0.035496 -0.986122 0.160685 -0.035068 -0.986382 0.434060 -0.216866 -0.874392 -0.773378 -0.365116 -0.518244 -0.797071 0.244415 -0.552212 -0.803769 -0.525664 -0.278626 -0.407844 -0.398817 -0.821345 0.651904 -0.387118 -0.652044 -0.665813 -0.336732 -0.665812 -0.707092 0.000122 -0.707122 0.266981 0.759131 -0.593668 0.707076 -0.000153 -0.707137 0.707107 0.000000 -0.707107 -0.267120 -0.758914 -0.593882 -0.655806 -0.016579 -0.754748 0.122355 -0.731607 0.670657 0.009095 -0.289760 0.957056 0.514282 -0.339192 0.787695 0.669384 -0.322258 0.669384 0.655828 0.016569 0.754729 -0.655828 -0.016569 0.754729 -0.622628 0.092094 0.777080 0.161550 -0.035264 0.986234 -0.664832 0.340383 0.664934 -0.511050 0.366257 0.777614 0.084643 -0.903323 -0.420527 -0.371194 -0.576764 -0.727708 
						0.423167 -0.794271 -0.435964 0.539158 -0.776630 -0.325814 -0.153592 0.617614 -0.771338 0.000422 0.000000 -1.000000 0.000216 0.000216 -1.000000 0.471441 0.861683 -0.187739 0.418092 0.870133 -0.260897 -0.449964 0.628875 -0.634073 -0.003476 0.933997 -0.357264 -0.707107 0.000000 -0.707107 -0.707107 -0.000001 -0.707107 0.135005 -0.152978 -0.978964 -0.077716 0.001666 -0.996974 0.000002 0.000000 -1.000000 0.000006 -0.707107 -0.707107 -0.202806 -0.166576 -0.964947 -0.165388 0.004074 -0.986220 0.055705 0.001144 -0.998447 -0.141514 -0.126853 -0.981775 0.707107 0.000000 -0.707107 0.655828 -0.016567 -0.754728 -0.655829 0.016565 -0.754728 -0.707107 -0.000001 -0.707107 -0.000428 0.000000 -1.000000 0.016565 0.655829 -0.754728 -0.000001 0.000000 -1.000000 -0.000014 0.000122 -1.000000 -0.049278 0.535583 -0.843044 0.161544 0.035294 0.986234 -0.623126 -0.092857 0.776590 0.000000 0.000000 -1.000000 -0.000004 0.707107 -0.707107 -0.707107 -0.000007 0.707107 -0.933398 -0.004247 0.358818 -0.933478 0.004424 0.358607 -0.013498 -0.999821 0.013283 -0.005582 -0.999970 0.005367 -0.010186 -0.999948 0.000000 -0.023299 -0.999729 0.000000 -0.707107 -0.000003 -0.707107 -0.933409 -0.004521 -0.358785 -0.933329 0.004327 -0.358996 0.635254 0.426641 -0.643762 -0.639581 -0.136613 0.756487 -0.640323 0.137320 0.755731 0.005609 0.887040 -0.461658 -0.120715 0.544829 -0.829813 0.119290 0.543360 -0.830981 -0.005848 0.887117 -0.461508 -0.639826 -0.137070 -0.756197 -0.639063 0.136306 -0.756980 -0.000601 -0.707107 -0.707107 -0.006440 -0.886941 -0.461838 0.117969 -0.542395 -0.831800 0.706623 -0.581465 0.403214 0.725910 0.278755 0.628769 0.882511 0.464676 0.072455 0.928770 0.363001 0.074938 0.760771 -0.220003 0.610594 0.854338 -0.466505 0.229084 -0.941972 0.321948 -0.095076 -0.934499 0.355746 -0.012529 -0.746006 0.226857 0.626108 -0.719851 -0.631280 0.288620 
						-0.841946 0.495295 0.214030 -0.915587 0.319527 -0.244137 0.512136 0.414079 0.752499 0.802982 -0.038137 -0.594782 0.789294 0.045506 -0.612326 -0.872764 -0.487348 0.027848 -0.570047 -0.790007 -0.225687 0.346372 -0.100489 -0.932699 0.433748 0.584129 -0.686044 0.916125 0.317387 -0.244907 -0.432942 0.787720 -0.438245 -0.693363 0.644621 -0.322043 -0.455805 -0.559232 -0.692460 -0.918997 -0.313290 -0.239362 0.931248 0.361132 0.048589 -0.090531 0.900848 -0.424591 0.377597 0.569052 -0.730480 -0.554689 0.765377 -0.326372 -0.956237 0.282069 -0.077769 -0.959278 -0.165785 0.228692 0.599735 -0.179965 -0.779699 0.422839 0.183995 -0.887329 0.738601 -0.097544 -0.667048 0.661764 0.352329 0.661764 -0.067484 0.354088 0.932774 0.120215 0.732231 0.670363 0.954293 -0.102417 0.280776 -0.115946 0.733418 0.669817 0.013983 0.294181 0.955647 0.742239 0.083856 -0.664868 0.611980 0.162102 -0.774082 -0.957656 0.134976 0.254316 -0.719621 0.612205 0.327644 0.932827 -0.359369 -0.026231 0.918552 -0.314864 -0.239004 0.695567 -0.644027 -0.318458 0.568726 -0.461047 -0.681165 -0.730151 -0.263566 0.630406 -0.836885 -0.509447 0.200218 -0.557593 0.459115 -0.691595 0.841241 0.506180 0.189988 0.589595 0.787460 -0.179678 0.000599 -0.707107 -0.707107 -0.119446 -0.543902 -0.830604 0.006186 -0.886864 -0.461989 0.712464 0.649240 -0.266239 0.328201 0.647739 -0.687545 0.279168 0.649858 -0.706930 0.699048 0.659354 -0.276738 0.013902 -0.886766 -0.462009 -0.030636 -0.282424 -0.958800 -0.120187 -0.341904 -0.932018 -0.135079 -0.524818 -0.840429 0.504367 -0.497410 -0.705831 0.232981 -0.432986 -0.870772 0.094542 -0.352453 -0.931042 0.178582 -0.519454 -0.835629 -0.013299 -0.281379 -0.959504 -0.012007 -0.886725 -0.462141 -0.445134 0.611451 -0.654205 -0.166667 0.547025 -0.820357 -0.041700 0.372211 -0.927211 -0.223224 0.511204 -0.829964 0.507934 0.564099 -0.650996 
						0.544438 0.632704 -0.550702 0.096996 0.531835 -0.841275 -0.008028 0.390383 -0.920618 0.139635 0.589048 -0.795943 0.388397 0.698931 -0.600536 -0.246332 -0.407591 -0.879312 -0.494565 -0.517803 -0.698058 -0.046005 0.885858 -0.461670 -0.029280 0.281325 -0.959166 -0.043391 0.884593 -0.464341 -0.040169 0.297166 -0.953981 -0.011963 0.282412 -0.959219 -0.028728 0.886885 -0.461097 -0.062805 -0.610339 -0.789647 0.017389 -0.296937 -0.954739 -0.762167 0.580684 -0.286195 -0.339388 0.609411 -0.716543 -0.745794 0.597675 -0.294239 -0.300598 0.587410 -0.751392 -0.568518 0.570755 -0.592475 -0.506338 0.495460 -0.705791 0.325592 0.666536 -0.670612 0.553228 0.657911 -0.510972 0.481178 0.722341 -0.496680 -0.044336 0.715379 -0.697329 0.265359 0.565783 -0.780688 -0.446147 0.765332 -0.463918 -0.514335 0.716329 -0.471521 -0.624367 0.093936 -0.775463 -0.225192 0.581742 -0.781578 0.046883 0.714833 -0.697722 -0.285691 0.710639 -0.642941 -0.675943 0.389106 -0.625858 -0.467052 -0.466758 -0.750999 -0.050117 -0.716433 -0.695853 0.275586 -0.561704 -0.780091 -0.090012 -0.712105 -0.696279 -0.054587 -0.706052 -0.706053 0.677753 0.222430 -0.700839 0.021642 0.706941 -0.706941 0.290935 0.679623 -0.673401 0.204958 0.963115 -0.174361 -0.026431 0.999546 0.014438 -0.023164 0.716799 -0.696895 -0.010217 0.813080 0.582062 0.012158 0.813063 0.582049 -0.013836 0.813350 -0.581610 0.015177 0.813334 -0.581598 0.018170 0.999621 -0.020687 -0.220343 0.962517 0.158143 -0.332046 0.679275 0.654470 -0.034695 0.715275 0.697981 -0.016970 0.717062 0.696803 0.309829 0.679010 0.665546 0.212288 0.962850 0.166893 -0.022440 0.999599 -0.017255 0.023415 0.999562 0.018098 -0.207927 0.963249 -0.170055 -0.299620 0.678800 -0.670417 0.000297 0.716996 -0.697077 -0.075354 0.705096 0.705096 -0.075172 0.811127 -0.580020 -0.130801 0.924115 -0.359029 -0.054218 0.988494 0.141206 
						0.065351 0.988645 -0.135314 -0.066681 0.988444 -0.136135 -0.120304 0.975846 -0.182348 0.079564 0.973684 0.213564 0.051094 0.988302 0.143697 0.093279 0.976355 -0.195015 0.171975 0.808639 -0.562607 0.143495 0.924747 -0.352493 0.127533 0.922819 0.363511 -0.058486 0.705897 -0.705896 -0.052184 0.812015 0.581299 -0.117643 0.924726 0.361996 -0.195555 0.807227 -0.556905 0.154526 0.807549 0.569198 -0.096814 0.975507 0.197515 -0.189924 0.807204 0.558883 -0.054941 0.812200 -0.580787 -0.023937 -0.296897 -0.954609 0.055684 -0.611687 -0.789137 0.004803 -0.004865 0.999977 0.095479 -0.288432 0.952728 -0.000032 0.000011 1.000000 0.625008 0.090932 -0.775304 0.085331 -0.603476 -0.792802 0.010609 -0.000819 -0.999943 0.006507 0.016160 -0.999848 -0.054447 -0.706058 -0.706058 -0.054435 -0.706058 -0.706059 -0.213170 0.560742 0.800079 0.004801 -0.004867 0.999977 -0.000031 0.000012 1.000000 -0.154028 0.617333 0.771476 0.034042 0.812651 0.581755 0.068315 0.811223 0.580733 -0.021385 0.812937 0.581959 0.022322 0.812920 0.581947 -0.028523 0.813097 -0.581429 0.023078 0.813212 -0.581510 0.102407 0.953439 -0.283668 0.055728 0.706008 -0.706008 0.055412 0.812178 -0.580772 -0.027179 0.706846 -0.706845 0.024526 0.706894 -0.706894 -0.033791 0.706703 0.706703 0.025067 0.706885 0.706885 0.004789 -0.296978 -0.954872 -0.014059 -0.296952 -0.954789 -0.018568 0.706985 -0.706985 0.004869 0.707098 -0.707098 -0.000002 0.885427 -0.464779 -0.154886 -0.616888 -0.771660 0.319328 -0.664254 -0.675867 -0.000005 0.000005 1.000000 -0.095927 -0.289302 0.952419 -0.004894 -0.004860 0.999976 -0.093884 -0.601559 -0.793292 0.000004 -0.707107 -0.707107 -0.050697 -0.946520 -0.318636 0.000011 0.885427 -0.464779 -0.000003 0.885427 -0.464779 -0.000001 0.707107 -0.707107 0.000001 0.707107 -0.707107 -0.000007 -0.707107 -0.707107 -0.000003 -0.707107 -0.707107 
						0.000001 0.000000 -1.000000 -0.319823 0.664322 0.675566 0.320185 0.663795 0.675912 0.154632 0.617071 0.771565 0.004514 -0.444509 0.895763 0.068383 0.811524 -0.580304 0.056180 0.705990 -0.705990 0.061642 0.705762 0.705762 -0.061018 0.811607 0.581008 -0.033221 0.706716 -0.706716 -0.054329 -0.706062 -0.706063 -0.040209 0.297165 -0.953979 -0.042394 0.884631 -0.464361 0.000001 0.707107 -0.707107 -0.000009 0.885427 -0.464779 0.154270 -0.617163 -0.771564 -0.319715 -0.663734 -0.676195 -0.003338 0.707103 0.707103 0.002699 0.707104 0.707104 -0.077261 0.294500 -0.952523 0.045996 -0.444068 -0.894812 -0.000001 0.000000 -1.000000 0.000000 0.000000 -1.000000 -0.634177 0.427473 -0.644272 0.154468 0.617140 -0.771543 -0.006345 0.707092 0.707093 -0.005302 -0.444507 0.895760 -0.006200 -0.947721 0.319040 -0.000182 0.000226 -1.000000 0.005466 0.707096 0.707096 -0.110094 0.953350 0.281076 0.000013 -0.707107 -0.707107 -0.000005 -0.707107 -0.707107 -0.000002 -0.707107 -0.707107 -0.000003 -0.000000 -1.000000 0.000002 0.000000 -1.000000 0.000001 0.000000 -1.000000 -0.000184 0.000227 -1.000000 0.004719 0.005079 -0.999976 -0.213504 -0.561128 -0.799719 -0.007689 0.017459 -0.999818 -0.011596 -0.001876 -0.999931 0.213242 -0.560643 -0.800129 -0.004624 0.005087 -0.999976 0.000218 0.000218 -1.000000 -0.000005 0.000005 1.000000 -0.004627 0.005084 -0.999976 -0.095392 0.288557 -0.952699 0.000421 0.000000 -1.000000 -0.004896 -0.004858 0.999976 0.213416 0.561227 0.799673 0.004538 0.014192 -0.999889 0.006762 0.003033 -0.999973 -0.014702 -0.004978 -0.999880 -0.012212 0.021989 -0.999684 0.095876 0.289416 -0.952390 0.004713 0.005085 -0.999976 -0.000002 0.000001 -1.000000 0.707107 0.000001 0.707107 0.000002 0.000001 -1.000000 -0.655826 0.016573 -0.754730 0.160658 0.035049 -0.986388 -0.162264 -0.035551 -0.986107 -0.059161 0.001226 -0.998248 
						-0.182644 -0.065450 -0.980998 0.185071 -0.075562 -0.979816 0.070711 0.001501 -0.997496 -0.107667 -0.260892 -0.959345 0.182047 0.004460 -0.983280 0.313781 0.492567 -0.811739 0.640296 -0.146384 -0.754051 0.189768 0.004644 -0.981818 0.207596 -0.195817 -0.958415 -0.164824 0.004050 -0.986315 0.112742 -0.242067 -0.963687 -0.639781 -0.125349 -0.758266 -0.284180 0.498547 -0.818958 -0.000427 0.000000 -1.000000 0.655839 0.016585 -0.754719 0.161924 -0.035402 -0.986168 -0.160832 0.035107 -0.986357 0.707107 0.000000 -0.707107 0.000004 0.000122 -1.000000 -0.035112 -0.160894 -0.986347 0.035073 -0.160872 -0.986352 -0.000012 0.000122 -1.000000 0.655817 -0.016550 -0.754738 -0.160859 -0.035127 -0.986352 0.161872 0.035359 -0.986178 0.161857 0.035433 -0.986178 -0.622236 -0.091635 -0.777448 0.267855 -0.757010 -0.595978 0.707153 -0.000001 -0.707061 -0.670077 -0.319180 -0.670164 0.669649 -0.321334 -0.669563 0.267602 0.757569 0.595381 0.707061 0.000001 0.707152 0.674358 -0.299180 -0.675079 -0.675991 -0.293146 -0.676092 -0.690521 -0.213288 -0.691150 0.689329 -0.222125 -0.689555 -0.688120 -0.229913 -0.688209 0.686787 -0.238259 -0.686699 0.707061 0.000003 0.707152 0.267602 -0.757567 0.595383 0.707153 -0.000004 -0.707061 0.267867 0.756863 -0.596159 -0.706893 0.000704 -0.707320 -0.706909 -0.000672 -0.707305 0.706878 0.000672 -0.707335 0.706878 -0.000702 -0.707335 0.268264 -0.757633 -0.595002 -0.268570 0.756914 -0.595778 -0.268518 -0.757086 -0.595583 0.268243 0.757599 -0.595054 -0.816497 -0.408248 0.408248 -0.816497 -0.408248 0.408248 -0.408249 -0.408248 0.816497 -0.923874 -0.142134 0.355324 -0.861650 -0.492348 -0.123097 -0.707107 -0.707106 -0.000001 -0.094800 0.953465 -0.286212 0.087715 0.953434 0.288563 -0.059682 0.705846 0.705846 -0.408249 -0.408248 -0.816497 -0.816497 -0.408248 -0.408248 -0.707107 -0.707107 0.000000 -0.816497 -0.408248 -0.408248 
						-0.923874 -0.142134 -0.355324 -0.142134 -0.923874 0.355324 -0.492349 -0.861650 -0.123096 -0.861650 -0.492349 0.123096 -0.142134 -0.923874 -0.355324 -0.492349 -0.861650 0.123096 -0.746056 -0.665723 0.014584 -0.746056 0.665723 0.014584 -0.751033 0.615047 -0.240138 -0.741080 -0.615057 0.269270 -0.755253 0.470733 -0.456074 -0.736880 -0.470732 0.485200 -0.758068 0.254735 -0.600369 -0.734049 -0.254749 0.629503 -0.759045 -0.000000 -0.651038 -0.733072 -0.000000 0.680151 -0.733072 -0.000000 0.680151 -0.759045 0.000003 -0.651038 -0.758069 -0.254628 -0.600413 -0.734050 0.254856 0.629459 -0.755253 -0.470740 -0.456067 -0.736880 0.470725 0.485206 -0.751033 -0.615052 -0.240126 -0.741079 0.615052 0.269282 -0.746056 -0.665723 0.014585 -0.746056 0.665723 0.014585 -0.741080 -0.615054 0.269276 -0.751033 0.615050 -0.240132 -0.736880 -0.470721 0.485211 -0.755253 0.470743 -0.456064 -0.734049 -0.254744 0.629505 -0.758068 0.254740 -0.600367 -0.733072 -0.000000 0.680151 -0.759058 -0.000000 -0.651023 -0.734049 0.254744 0.629506 -0.758068 -0.254740 -0.600367 -0.736880 0.470721 0.485211 -0.755253 -0.470744 -0.456063 -0.741080 0.615056 0.269271 -0.751033 -0.615048 -0.240137 -0.116456 -0.298620 -0.947240 0.078603 -0.087375 -0.993070 -0.019127 -0.195090 -0.980599 0.284717 0.099675 -0.953416 0.510311 0.168686 -0.843284 0.701195 0.020376 -0.712678 0.702388 -0.286289 -0.651683 0.512820 -0.474664 -0.715339 0.286873 -0.454761 -0.843147 0.079406 -0.298628 -0.951060 -0.117273 -0.087410 -0.989245 -0.321702 0.099674 -0.941580 -0.542827 0.168682 -0.822731 -0.728486 0.020378 -0.684757 -0.727276 -0.286282 -0.623789 -0.540355 -0.474671 -0.694769 -0.319554 -0.454755 -0.831314 0.720408 0.637860 0.272299 0.535836 0.705202 0.464295 0.003805 0.980785 0.195053 0.312092 0.837388 0.448755 0.103753 0.949334 0.296649 -0.096232 0.991346 0.089285 -0.305148 0.947681 -0.093730 
						-0.529864 0.833164 -0.158374 -0.715225 0.698864 -0.006430 -0.709252 0.637859 0.300162 -0.517320 0.705188 0.484861 -0.294348 0.837384 0.460594 -0.092093 0.949335 0.300471 0.099644 0.991346 0.085462 0.301254 0.947682 -0.105572 0.523287 0.833160 -0.178929 0.714443 0.698851 -0.034334 -0.729250 -0.665726 -0.158123 -0.729250 0.665726 -0.158122 -0.675283 0.615047 -0.407076 -0.783242 -0.615042 0.090862 -0.629513 0.470738 -0.618159 -0.829006 -0.470739 0.301918 -0.598931 0.254748 -0.759200 -0.859584 -0.254742 0.442970 -0.859594 -0.254628 0.443016 -0.598941 0.254860 -0.759155 -0.588192 0.000000 -0.808722 -0.870318 0.000001 0.492490 -0.598931 -0.254748 -0.759200 -0.859584 0.254742 0.442970 -0.629514 -0.470744 -0.618152 -0.829007 0.470733 0.301924 -0.675283 -0.615048 -0.407074 -0.783242 0.615041 0.090864 -0.729253 -0.665726 -0.158110 -0.729253 0.665726 -0.158110 -0.783241 -0.615042 0.090860 -0.675282 0.615046 -0.407078 -0.829006 -0.470739 0.301918 -0.629513 0.470738 -0.618158 -0.859584 -0.254741 0.442970 -0.598931 0.254749 -0.759200 -0.870318 0.000000 0.492490 -0.588192 0.000000 -0.808722 -0.859584 0.254742 0.442970 -0.598931 -0.254748 -0.759200 -0.829006 0.470739 0.301918 -0.629513 -0.470738 -0.618158 -0.783240 0.615045 0.090854 -0.675281 -0.615043 -0.407084 -0.095579 -0.099680 -0.990418 0.114323 0.087393 -0.989592 0.207796 0.195090 -0.958520 0.296882 0.298632 -0.907017 0.473817 0.454758 -0.754117 0.664149 0.474673 -0.577574 0.833890 0.286287 -0.471876 0.846823 -0.020384 -0.531484 0.691248 -0.168686 -0.702653 0.497188 -0.099684 -0.861898 0.305788 0.087393 -0.948080 0.105426 0.298627 -0.948529 -0.118947 0.454748 -0.882641 -0.365301 0.474666 -0.800779 -0.563573 0.286284 -0.774872 -0.550658 -0.020379 -0.834482 -0.338164 -0.168673 -0.925848 -0.759390 -0.637862 0.128290 -0.694416 -0.698855 -0.171429 -0.041333 -0.980785 0.190661 
						-0.478976 -0.833161 -0.276451 -0.275254 -0.947680 -0.161670 -0.114249 -0.991346 0.064651 0.032446 -0.949333 0.312593 0.200034 -0.837385 0.508697 0.414137 -0.705193 0.575495 0.638069 -0.637862 0.431277 0.703061 -0.698853 0.131567 0.550459 -0.833162 -0.053244 0.317496 -0.947680 -0.033149 0.077215 -0.991346 0.106165 -0.158996 -0.949333 0.271086 -0.392754 -0.837387 0.380168 -0.615298 -0.705190 0.352299 -0.726514 -0.665718 -0.170281 -0.726515 0.665718 -0.170281 -0.668345 0.615052 -0.418361 -0.784660 -0.615037 0.077700 -0.619042 0.470743 -0.628640 -0.833953 -0.470734 0.287978 -0.586104 0.254741 -0.769148 -0.866894 -0.254742 0.428488 -0.574556 0.000000 -0.818466 -0.878464 0.000000 0.477808 -0.878464 0.000000 0.477808 -0.574556 0.000000 -0.818465 -0.586104 -0.254741 -0.769148 -0.866894 0.254741 0.428487 -0.619042 -0.470743 -0.628640 -0.833953 0.470734 0.287977 -0.668348 -0.615057 -0.418348 -0.784663 0.615032 0.077712 -0.726503 -0.665719 -0.170331 -0.726503 0.665718 -0.170331 -0.784662 -0.615035 0.077707 -0.668347 0.615054 -0.418355 -0.833973 -0.470647 0.288063 -0.619062 0.470831 -0.628555 -0.866894 -0.254737 0.428489 -0.586105 0.254747 -0.769145 -0.878464 0.000000 0.477808 -0.574556 0.000000 -0.818466 -0.866894 0.254742 0.428488 -0.586086 -0.254757 -0.769156 -0.833955 0.470726 0.287985 -0.619044 -0.470751 -0.628632 -0.784663 0.615033 0.077710 -0.668348 -0.615056 -0.418350 -0.700747 0.698857 -0.143359 -0.630747 0.637854 -0.441928 0.044530 0.980785 -0.189940 -0.404409 0.705194 -0.582370 -0.191461 0.837393 -0.511972 -0.027194 0.949334 -0.313090 0.115318 0.991346 -0.062723 0.272503 0.947681 0.166261 0.474260 0.833169 0.284441 0.691436 0.698856 0.183074 0.761443 0.637854 -0.115531 0.621125 0.705195 -0.341913 0.399076 0.837390 -0.373518 0.163516 0.949335 -0.268375 -0.075423 0.991346 -0.107441 -0.318000 0.947683 0.027814 
						-0.551270 0.833166 0.043991 0.674469 0.469866 -0.569489 0.812193 0.479739 -0.331953 0.126812 0.831470 -0.540904 0.752836 0.653471 -0.078829 0.549958 0.834305 -0.038489 0.357027 0.913686 -0.194192 0.200408 0.882447 -0.425587 0.050536 0.762786 -0.644674 -0.126211 0.599622 -0.790269 -0.351064 0.469864 -0.809927 -0.579987 0.479744 -0.658377 -0.639341 0.653465 -0.405248 -0.475538 0.834306 -0.278921 -0.233510 0.913687 -0.332639 0.009644 0.882442 -0.470322 0.241280 0.762780 -0.599959 0.464329 0.599616 -0.651812 0.000000 -0.000000 -1.000000 0.000000 0.665721 -0.746201 0.254745 0.615054 -0.746199 -0.000000 0.000000 -1.000000 0.470732 0.470732 -0.746205 -0.000000 0.000000 -1.000000 0.615058 0.254736 -0.746199 0.000003 -0.000007 -1.000000 0.665721 -0.000011 -0.746201 0.000000 -0.000008 -1.000000 0.615050 -0.254755 -0.746199 -0.000003 -0.000007 -1.000000 0.000000 0.000000 -1.000000 0.615054 -0.254745 -0.746199 0.470732 -0.470732 -0.746205 0.000000 0.000000 -1.000000 0.254726 -0.615062 -0.746199 -0.000014 -0.000006 -1.000000 -0.000001 -0.665721 -0.746201 -0.000001 0.000000 -1.000000 -0.254765 -0.615046 -0.746199 -0.000014 0.000006 -1.000000 -0.470732 -0.470732 -0.746205 -0.000001 0.000001 -1.000000 -0.615054 -0.254745 -0.746199 -0.000000 0.000000 -1.000000 -0.665721 0.000000 -0.746201 0.000000 0.000000 -1.000000 -0.615054 0.254746 -0.746199 0.000000 0.000000 -1.000000 -0.470732 0.470732 -0.746205 0.000000 0.000000 -1.000000 -0.254745 0.615054 -0.746199 0.000000 0.000000 -1.000000 -0.286286 0.637857 -0.714968 0.020376 0.698853 -0.714975 -0.117201 0.866856 -0.484587 -0.223453 0.845721 -0.484587 -0.298621 0.949333 0.097942 -0.454758 0.837389 0.303274 -0.304014 0.919454 0.249358 -0.240773 0.966891 0.084558 0.168679 0.833165 0.526672 0.099673 0.947681 0.303259 -0.070993 0.965805 0.249359 -0.054653 0.917528 0.393899 
						-0.474663 0.705192 -0.526687 -0.300605 0.868608 -0.393900 0.099670 0.947680 -0.303262 -0.087392 0.991346 -0.097957 -0.147558 0.985433 -0.084549 -0.070992 0.965806 -0.249358 -0.286285 0.637857 0.714968 0.020377 0.698853 0.714975 -0.117197 0.866857 0.484587 -0.223457 0.845720 0.484586 -0.298617 0.949333 -0.097946 -0.454755 0.837390 -0.303277 -0.304016 0.919454 -0.249357 -0.240781 0.966890 -0.084553 0.168678 0.833165 -0.526673 -0.054671 0.917524 -0.393905 -0.474667 0.705191 0.526685 -0.300626 0.868604 0.393893 -0.087389 0.991347 0.097954 -0.147573 0.985430 0.084557 -0.190237 -0.884300 -0.426408 -0.232944 -0.930513 -0.282634 -0.390357 -0.884029 -0.257128 -0.408690 -0.803997 -0.431928 -0.223860 -0.931495 0.286713 -0.220297 -0.970675 0.096226 -0.288069 -0.954816 0.073092 -0.387933 -0.884635 0.258706 -0.226501 -0.969589 -0.092704 -0.287239 -0.955018 -0.073713 -0.171512 -0.980268 -0.098274 -0.152962 -0.981789 -0.112666 -0.176197 -0.979164 0.100958 -0.153552 -0.981647 0.113101 -0.104392 -0.958462 -0.265429 -0.046354 -0.952783 -0.300094 -0.109328 -0.957258 0.267778 -0.050245 -0.951832 0.302474 -0.056239 -0.917211 -0.394413 -0.036343 -0.878443 -0.476464 -0.061457 -0.916149 0.396098 -0.042176 -0.876951 0.478725 -0.058797 -0.876885 -0.477090 -0.147474 -0.797867 -0.584517 -0.062025 -0.876414 0.477548 -0.147862 -0.797765 0.584557 -0.117487 -0.861651 -0.493714 -0.310772 -0.765295 -0.563688 -0.114533 -0.861951 0.493886 -0.181735 -0.885006 0.428646 -0.400008 -0.806222 0.435890 -0.302209 -0.767515 0.565323 -0.827116 -0.328041 0.456363 -0.880642 -0.381473 0.280979 -0.831471 -0.555568 0.000000 -0.863527 -0.495503 0.093798 -0.788245 -0.608172 -0.093791 -0.689437 -0.667625 -0.280987 -0.619598 -0.638609 -0.456373 -0.630380 -0.520713 -0.575742 -0.722301 -0.383124 -0.575758 -0.827111 -0.328050 -0.456367 -0.880641 -0.381473 -0.280979 -0.863527 -0.495503 -0.093798 
						-0.788245 -0.608172 0.093790 -0.689443 -0.667616 0.280994 -0.619604 -0.638600 0.456378 -0.630380 -0.520712 0.575742 -0.722309 -0.383112 0.575756 -0.820397 0.566679 -0.076320 -0.828462 0.541636 0.142414 -0.544279 0.802686 0.243835 -0.958105 0.271927 -0.089951 -0.820396 0.566679 0.076320 -0.828456 0.541639 -0.142439 -0.544280 0.802685 -0.243837 -0.958105 0.271926 0.089949 -0.959726 0.264989 -0.093304 -0.490786 0.866232 -0.093653 0.059594 0.217364 0.974270 -0.349539 0.280637 0.893905 -0.475138 0.191176 0.858892 -0.156222 -0.088020 0.983792 -0.781024 0.444127 0.439036 -0.731766 0.529832 -0.428715 -0.781036 0.444105 -0.439037 -0.731746 0.529858 0.428718 -0.475158 0.191162 -0.858884 -0.349543 0.280625 -0.893907 -0.959727 0.264990 0.093302 -0.490786 0.866232 0.093651 -0.566599 0.357030 -0.742627 -0.630439 0.447225 -0.634458 -0.566600 0.357037 0.742623 -0.630429 0.447227 0.634467 -0.269811 0.074935 0.959993 0.059594 0.217367 -0.974269 -0.134662 0.236866 -0.962165 -0.269813 0.074935 -0.959993 -0.156217 -0.088018 -0.983793 -0.134660 0.236862 0.962166 -0.984545 -0.175133 0.000712 -0.695885 -0.123373 0.707477 -0.696598 -0.123572 0.706740 -0.984543 -0.175141 -0.000712 0.000007 -0.000038 1.000000 0.000019 -0.000107 1.000000 0.695917 0.123194 0.707477 0.696637 0.123357 0.706739 0.984594 0.174855 0.000712 0.984588 0.174888 -0.000712 0.696642 0.123324 -0.706739 0.695916 0.123194 -0.707477 0.000007 -0.000037 -1.000000 0.000013 -0.000072 -1.000000 -0.696611 -0.123503 -0.706739 -0.695878 -0.123408 -0.707477 -0.984543 -0.175142 0.000713 -0.984545 -0.175132 -0.000712 -0.870588 -0.073266 0.486526 -0.800471 -0.368768 0.472500 -0.401741 -0.019108 0.915554 -0.355444 -0.177987 0.917595 -0.871528 -0.066367 -0.485833 -0.804343 -0.358003 -0.474200 -0.399177 0.005527 -0.916857 -0.367313 -0.156370 -0.916859 -0.000326 -0.000166 -1.000000 
						-0.000366 0.000016 -1.000000 -0.728454 -0.614826 0.302231 -0.797192 -0.498383 0.340733 -0.928574 0.163347 -0.333269 -0.916713 0.296109 -0.268248 -0.948866 -0.289856 0.125045 -0.982103 -0.125977 0.140009 -0.948292 -0.292162 -0.124027 -0.980986 -0.131768 -0.142493 -0.930277 0.167033 0.326625 -0.797366 -0.501344 -0.335949 0.010364 -0.021041 0.999725 -0.002349 -0.023337 0.999725 -0.352272 -0.720124 -0.597768 -0.593814 0.485677 0.641485 -0.355335 -0.710270 0.607662 -0.592332 0.474700 -0.651002 -0.394101 0.769116 -0.503135 -0.729663 -0.615849 -0.297190 -0.076032 -0.893599 -0.442381 -0.396572 0.773949 0.493693 -0.918313 0.296629 0.262132 -0.075671 -0.889315 0.450991 0.994868 -0.050271 0.087806 0.995147 0.044740 0.087638 0.998992 0.044281 0.007352 0.998973 -0.044711 0.007367 0.975403 0.056021 0.213190 0.639554 -0.167985 0.750168 0.718238 -0.040968 0.694590 -0.111569 -0.006280 0.993737 -0.005193 -0.025487 0.999662 -0.020403 -0.024767 0.999485 -0.121532 0.063290 0.990568 -0.718775 0.032936 0.694462 -0.654486 0.133714 0.744156 0.037458 0.006885 0.999274 0.049345 -0.004240 0.998773 -0.002633 -0.000062 0.999996 -0.001888 -0.000622 0.999998 0.718751 0.033319 0.694469 0.654597 0.133449 0.744106 0.975610 -0.057992 0.211714 0.998968 -0.026357 0.037000 -0.995075 0.046229 0.087683 -0.994963 -0.048453 0.087751 -0.718214 -0.041318 0.694595 -0.998883 -0.046667 0.007438 -0.998994 -0.025849 0.036633 -0.975473 0.056682 0.212696 0.111559 -0.006150 0.993739 0.112083 0.013236 0.993611 0.004742 0.020090 0.999787 0.005189 -0.025444 0.999663 -0.140313 -0.197340 0.970242 -0.041421 -0.004428 0.999132 -0.033346 0.005533 0.999429 -0.153791 -0.140891 0.978007 0.149643 0.196867 0.968943 0.157653 0.139615 0.977575 0.036718 -0.006642 0.999304 0.043436 0.004380 0.999047 -0.017168 0.019642 0.999660 -0.138432 -0.037611 0.989657 
						-0.384013 -0.677541 0.627274 -0.639676 -0.167714 0.750125 -0.975585 -0.057753 0.211893 -0.999071 0.042469 0.007286 0.999064 0.024492 0.035652 -0.112071 0.013075 0.993614 -0.004740 0.020068 0.999787 -0.153486 0.140989 0.978041 -0.400860 0.669447 0.625422 -0.040792 -0.007982 0.999136 -0.139903 0.197361 0.970297 -0.220670 0.788151 0.574564 0.138361 -0.037719 0.989663 0.017158 0.019627 0.999660 0.220891 0.788108 0.574537 0.401076 0.669341 0.625396 0.383747 -0.677666 0.627301 0.243273 -0.783591 0.571668 0.130304 -0.197828 0.971537 0.149451 -0.142256 0.978482 0.121585 0.063209 0.990566 0.020402 -0.024765 0.999485 -0.051237 0.004195 0.998678 -0.000703 -0.001115 0.999999 0.001865 -0.000614 0.999998 0.002605 -0.000062 0.999997 -0.000062 0.000734 1.000000 0.000060 0.000710 1.000000 0.000690 -0.001093 0.999999 -0.243560 -0.783530 0.571629 -0.999022 0.025321 0.036251 
					</float_array>
					<technique_common>
						<accessor count="1055" offset="0" source="#meshId0-tangents-array" stride="3">
							<param name="X" type="float" />
							<param name="Y" type="float" />
							<param name="Z" type="float" />
						</accessor>
					</technique_common>
				</source>
				<source id="meshId0-bitangents" name="meshId0-bitangents">
					<float_array id="meshId0-bitangents-array" count="3165"> 
						0.000000 1.000000 0.000216 0.000006 0.615885 -0.787836 0.248444 0.948808 0.195038 0.000001 1.000000 -0.000001 -0.000000 -1.000000 0.000173 0.000001 -0.616400 -0.787433 -0.248378 -0.948828 0.195022 -0.000000 -1.000000 -0.000000 -1.000000 0.000426 0.000006 -0.614809 0.000262 -0.788676 -0.948840 0.248664 0.194600 -1.000000 0.000426 -0.000426 1.000000 0.000002 0.000261 0.616460 0.000002 -0.787386 0.948789 -0.248489 0.195070 1.000000 0.000002 0.000002 0.302584 -0.903865 0.302441 -0.183168 -0.968966 0.165995 -0.481441 -0.850998 0.209803 -0.175081 -0.919149 0.352863 -0.999975 0.004824 0.005082 -0.976808 0.214054 0.005151 -0.934583 0.333978 0.122533 -0.999983 -0.002697 0.005159 0.203347 0.957710 -0.203572 0.245411 0.940373 -0.235524 0.228764 0.923859 -0.306842 -0.096161 0.976394 -0.193414 0.937755 -0.151224 0.312645 0.251841 -0.920885 0.297568 0.226553 -0.921294 0.316056 0.574723 -0.565741 0.591296 0.568964 0.568370 -0.594336 0.379181 0.637843 -0.670357 0.187445 0.961374 -0.201557 -0.992251 -0.088080 0.087636 -0.976059 0.216485 -0.021063 -0.928006 0.370191 -0.041992 -0.993122 0.051852 0.104975 -0.500057 0.818462 -0.282953 -0.497156 0.845251 -0.195926 -0.902079 0.407146 0.143128 -0.246391 0.956077 0.158771 0.551985 0.797145 -0.244687 0.529250 0.527106 -0.664871 0.580337 0.694525 -0.425257 0.261125 0.954273 -0.145519 -0.927550 0.018189 0.373257 -0.906528 -0.418521 -0.055201 -0.935855 -0.351012 -0.031089 -0.542627 -0.766716 0.343078 -0.972931 -0.222720 0.061659 0.949850 0.161544 -0.267747 -0.191442 0.973700 -0.123526 -0.955421 0.174587 0.238096 -0.956799 -0.124976 -0.262518 -0.191681 -0.849760 0.491086 0.157013 -0.937656 0.310079 0.369848 -0.601907 0.707758 -0.248407 0.948819 -0.195030 -0.248412 0.948819 0.195025 0.146840 0.989160 -0.000036 0.213911 0.976853 -0.000014 -0.914499 -0.404589 0.000388 
						-0.948827 -0.248070 0.195418 -0.995848 0.091032 0.000248 -0.999717 -0.023805 0.000287 -0.948827 0.248071 -0.195416 -0.914499 0.404589 -0.000384 -0.999717 0.023805 -0.000273 -0.995703 -0.092603 -0.000238 -0.914526 0.404527 -0.000384 -0.977035 -0.213080 -0.000178 -0.999717 0.023774 -0.000277 -0.000001 1.000000 -0.000001 0.248405 0.948819 -0.195032 0.248408 0.948819 0.195029 0.000001 1.000000 -0.000001 1.000000 0.000000 0.000000 1.000000 0.000000 0.000000 1.000000 -0.000001 0.000001 1.000000 -0.000001 0.000001 -0.094243 -0.530011 0.842738 0.036367 -0.189959 0.981118 -0.072930 -0.362674 0.929058 -0.023082 -0.765292 0.643270 -0.249925 0.955680 0.155607 -0.628509 0.713296 0.310137 -0.533834 0.526520 0.661664 -0.537771 0.800843 0.263539 1.000000 0.000001 0.000001 1.000000 0.000000 0.000000 1.000000 -0.000000 -0.000001 0.914499 0.404589 0.000000 0.948819 0.248407 0.195030 0.995653 -0.093137 0.000012 0.999716 0.023835 0.000006 -0.999955 -0.009443 0.000000 -0.999895 0.014473 0.000000 -0.999965 0.008401 0.000000 -0.999996 -0.002809 0.000000 -0.999997 -0.002230 0.000751 -0.999992 0.003804 -0.001280 -0.999995 0.001337 -0.002694 -0.999997 -0.001046 0.002107 -0.982190 -0.083345 -0.168396 -0.939185 0.022982 -0.342642 -0.994906 0.071500 -0.071061 -0.999800 0.008879 0.017892 -0.999915 -0.005808 -0.011703 -0.949163 0.314783 -0.000595 -0.949096 -0.314978 0.002288 0.616526 -0.000001 0.787334 1.000000 -0.000001 -0.000260 1.000000 -0.000000 -0.000000 0.948808 0.248435 -0.195049 -0.999522 -0.029290 -0.009860 -0.999851 -0.017243 -0.000000 -0.707027 -0.015059 -0.707027 -0.614744 -0.000260 0.788727 -1.000000 -0.000423 -0.000008 -1.000000 -0.000427 0.000427 -0.948819 -0.248721 -0.194627 -0.976781 -0.214163 -0.005820 -0.999969 -0.005473 -0.005731 -0.999979 0.002988 -0.005677 -0.933691 -0.334026 -0.129025 -0.956845 0.125432 0.262135 
						-0.941235 -0.199902 -0.272244 -0.914510 -0.404563 0.000390 -0.999717 -0.023805 0.000289 -0.977036 0.213074 0.000214 -0.243521 0.938774 0.243724 -0.000697 0.883908 0.467661 -0.722778 0.625836 0.293124 -0.951982 0.276418 0.131615 0.801323 -0.535206 -0.267275 0.802277 0.533790 0.267244 0.712235 -0.000003 0.701941 0.713114 0.000000 -0.701048 -0.999976 -0.006979 0.000000 -0.999989 -0.004531 0.001525 -0.707096 -0.005484 -0.707096 -0.950695 0.309716 0.015968 -0.998985 0.020025 0.040351 -0.999765 0.020529 0.006911 -0.999897 -0.013588 -0.004574 -0.204372 0.510928 -0.834976 -0.063614 0.153422 -0.986111 -0.011638 0.366884 -0.930194 -0.389607 0.432619 -0.813048 0.999053 0.038519 -0.020220 0.999053 0.038530 -0.020225 0.999186 0.011997 -0.038515 0.999185 0.012002 -0.038530 -0.162295 -0.611850 0.774145 -0.209031 -0.788057 -0.579026 -0.289774 -0.949629 -0.119314 -0.581332 0.403296 -0.706687 -0.782169 0.259303 -0.566546 0.000000 -1.000000 0.000000 -0.000000 -1.000000 0.000000 -0.000001 -1.000000 0.000001 -0.248329 0.948848 -0.194986 -0.248357 0.948839 0.194993 0.214004 0.976833 -0.000035 0.213211 0.977006 -0.000002 -0.096512 -0.976201 0.194207 -0.120674 0.887330 -0.445065 -0.177804 0.778912 0.601399 -0.142660 0.624954 -0.767516 -0.177252 0.917031 -0.357263 0.273821 0.922030 -0.273646 0.238014 -0.941601 0.238197 -0.000000 -1.000000 -0.000173 0.000000 0.616029 0.787724 -0.000000 1.000000 -0.000216 -0.000000 1.000000 0.000000 -0.000002 -0.616276 0.787531 0.248488 -0.948789 -0.195071 -0.951680 -0.278256 -0.129920 -0.724848 -0.661232 -0.193308 0.028580 -0.911176 -0.411024 -0.227871 -0.946652 -0.227871 -0.248409 0.948819 0.195028 -0.248410 0.948819 -0.195027 0.146283 0.989243 -0.000030 0.213336 0.976979 -0.000012 0.240784 0.940287 -0.240591 -0.019766 0.899428 -0.436622 -0.778146 -0.323532 0.538346 -0.611401 -0.438022 0.659034 
						0.044811 -0.462233 0.885625 -0.322891 -0.547909 0.771710 -0.802279 -0.533641 -0.267536 -1.000000 0.000000 -0.000422 -0.707625 -0.706588 -0.000306 0.412196 -0.403495 -0.816876 0.035178 -0.302497 -0.952501 0.553734 -0.360579 -0.750574 0.782728 -0.219806 -0.582256 0.000000 1.000000 0.000000 -0.000000 1.000000 -0.000000 -0.231358 -0.965566 0.118978 -0.996692 0.023717 0.077734 1.000000 0.000000 0.000002 1.000000 0.000004 0.000004 0.175987 0.963180 -0.203258 0.985939 -0.023547 -0.165438 -0.998164 -0.023778 -0.055717 -0.228262 0.969212 -0.092327 -0.000000 1.000000 0.000000 0.248408 0.948819 0.195029 0.248407 0.948819 -0.195031 -0.000001 1.000000 -0.000001 -1.000000 0.000000 0.000428 0.948819 -0.248407 -0.195030 0.914482 -0.404626 -0.000001 0.999716 -0.023835 -0.000016 0.995796 0.091599 -0.000015 -0.213341 0.976978 -0.000018 -0.147403 0.989077 -0.000010 1.000000 0.000000 0.000000 1.000000 0.000003 -0.000003 -0.000005 1.000000 0.000005 0.000000 0.999930 0.011836 -0.000008 0.999924 -0.012356 -0.706963 0.018937 0.706997 -0.707085 0.007742 0.707086 -0.999948 0.010186 0.000000 -0.999729 0.023299 0.000000 -0.000002 1.000000 -0.000002 -0.000004 0.999921 -0.012589 -0.000005 0.999927 0.012064 -0.711895 0.000303 -0.702286 -0.000006 0.984083 0.177709 -0.000001 0.983889 -0.178779 0.999926 -0.000002 0.012146 0.989584 -0.000002 -0.143959 0.989852 0.000004 0.142099 0.999920 0.000005 -0.012663 -0.000006 0.983967 -0.178351 -0.000005 0.984171 0.177220 -1.000000 0.000425 0.000425 -0.999914 0.000426 0.013125 -0.990053 0.000425 -0.140690 0.155238 -0.428565 -0.890075 0.502182 -0.839473 -0.207600 0.393238 -0.644606 -0.655628 0.127326 -0.122585 -0.984257 -0.447104 -0.859603 0.247347 -0.227295 -0.731780 -0.642522 -0.037402 0.180805 0.982808 0.260384 0.707146 0.657377 0.461980 0.853457 0.241216 0.071832 0.345820 0.935547 
						0.251977 0.711696 -0.655742 0.402120 0.727531 -0.555876 0.012272 -0.879554 0.475641 -0.520948 -0.529717 -0.669337 0.541170 -0.522697 0.658728 -0.380018 0.642532 -0.665387 -0.533876 0.564957 -0.629126 0.623791 -0.717915 0.309003 0.768486 -0.637341 -0.056789 0.400892 -0.725299 0.559667 -0.061289 0.459323 0.886153 0.383184 0.708326 0.592827 -0.747238 0.663120 -0.043675 -0.394265 0.730251 0.557932 0.231847 -0.484361 -0.843588 0.777483 0.330361 0.535147 0.608093 0.442539 0.659076 0.307764 0.553155 0.774145 0.085271 0.522908 0.848113 0.021273 0.764936 0.643755 -0.554062 -0.796417 -0.242354 -0.576891 -0.700475 -0.420156 -0.259121 -0.954542 -0.147331 0.249134 -0.935876 0.249134 0.720320 -0.629597 0.291113 0.951952 -0.276611 0.131427 0.099947 -0.776006 -0.622756 0.952483 0.273331 -0.134409 0.723291 0.656934 -0.212810 0.248510 -0.955842 0.156874 0.540506 -0.800243 0.259737 -0.059677 0.771063 -0.633956 -0.098168 0.377420 -0.920824 -0.256104 -0.712465 0.653303 -0.395300 -0.731644 -0.555370 -0.391039 -0.711203 0.584191 -0.674388 -0.735488 -0.065251 -0.485860 0.848979 -0.207786 -0.269192 0.701534 0.659838 0.674719 0.735993 -0.055398 0.272598 -0.700564 0.659469 0.535386 -0.547587 -0.643048 -1.000000 -0.000423 -0.000423 -0.989779 -0.000420 0.142611 -0.999921 -0.000424 -0.012575 0.603015 -0.760504 -0.240846 0.231811 -0.760835 -0.606131 0.289055 -0.758925 -0.583507 0.618638 -0.751744 -0.228402 -0.999838 -0.017617 0.003728 -0.998364 -0.037689 0.043002 -0.928686 0.370514 -0.016163 -0.987865 0.136961 0.073249 -0.393292 -0.860038 0.325048 -0.451461 -0.841233 0.297506 -0.931116 -0.362231 0.042576 -0.980835 -0.161237 -0.109384 -0.998850 0.047935 -0.000213 -0.999868 0.015711 -0.004168 0.459601 0.783012 0.419118 0.480560 0.771555 0.416851 0.935321 0.340870 0.094771 0.971704 0.184145 -0.147925 0.010030 -0.759567 -0.650352 
						0.335635 -0.766008 -0.548252 0.992189 -0.118281 0.039622 0.935696 -0.321805 -0.144619 0.489638 -0.739743 -0.461558 0.509079 -0.705968 -0.492390 -0.443708 0.854033 -0.271572 -0.404732 0.847969 -0.342257 0.998883 0.045779 -0.011696 0.998549 0.051623 -0.015341 0.999058 0.038420 -0.020167 0.999193 0.011947 -0.038352 0.998806 -0.042066 -0.024841 0.999524 0.020305 -0.023220 -0.956698 0.262144 -0.126527 -0.999849 -0.005164 -0.016604 0.538707 0.814051 0.217061 0.214607 0.791830 0.571794 0.561288 0.801653 0.205691 0.266310 0.808188 0.525272 0.291872 0.813272 0.503388 -0.034317 0.806239 0.590593 -0.595655 0.695414 0.401988 -0.456542 0.752526 0.474630 -0.531297 0.690970 0.490188 -0.998587 -0.052205 0.009933 -0.925989 0.375106 -0.042899 -0.560812 -0.643048 -0.521516 -0.499700 -0.697169 -0.514059 -0.267245 -0.958523 0.099063 -0.936199 -0.351374 0.008208 -0.998507 0.053128 -0.012663 -0.616145 -0.650064 -0.444728 -0.073539 -0.880624 -0.468074 0.841880 -0.494434 -0.216273 0.998365 -0.016754 -0.054655 0.922845 0.381763 0.051129 0.995525 -0.084534 -0.042241 0.998509 -0.038599 -0.038599 0.050381 0.936859 0.346058 -0.999766 0.015303 -0.015303 -0.917898 -0.000247 -0.396816 -0.647492 -0.000173 -0.762072 -0.716618 -0.008876 -0.697409 -0.999339 0.002934 0.036234 -0.999948 -0.008308 -0.005947 -0.999926 0.009886 0.007077 -0.999904 -0.011255 0.008048 -0.999885 0.012345 -0.008828 -0.716399 -0.001417 -0.697690 -0.643238 -0.021502 -0.765364 -0.903684 -0.030207 -0.427134 -0.999020 -0.044038 -0.004530 -0.999442 0.007894 -0.032464 -0.911919 0.014110 0.410128 -0.645617 0.009989 0.763596 -0.716453 -0.004041 0.697623 -0.716899 0.004170 0.697165 -0.646205 -0.004761 0.763149 -0.915477 -0.006744 0.402313 -0.999571 -0.020210 -0.021214 -0.997157 -0.053284 -0.053284 -0.997171 -0.061147 0.043725 -0.974954 -0.054193 0.215704 -0.930865 0.001134 -0.365361 
						-0.929079 0.010810 -0.369723 -0.930105 -0.012188 0.367090 -0.836181 -0.000602 0.548453 -0.841445 -0.049265 0.538092 -0.932149 -0.004450 0.362047 -0.839025 -0.028370 -0.543353 -0.964530 0.022116 -0.263046 -0.972912 0.066583 -0.221382 -0.975611 0.050700 0.213572 -0.998288 -0.041356 0.041356 -0.998637 -0.042432 -0.030376 -0.976595 -0.041635 -0.211020 -0.960727 -0.043685 0.274034 -0.968881 0.011103 0.247280 -0.839035 0.026759 -0.543419 -0.961881 -0.038903 -0.270686 -0.998490 -0.044691 0.031957 -0.999714 0.007109 0.022857 -0.957157 -0.257646 0.132171 0.707610 0.706603 0.000039 0.949329 0.314283 0.000009 0.707625 0.706588 0.000015 -0.264914 0.958959 -0.101087 -0.954970 -0.276479 0.107668 -0.706617 0.707550 -0.008077 -0.707490 -0.706542 -0.016024 0.998517 -0.038500 -0.038500 0.998517 -0.038492 -0.038492 0.934776 0.355237 0.000088 0.707504 0.706710 0.000043 0.707519 0.706695 0.000013 0.802093 0.534076 -0.267226 -0.999420 0.027681 0.019816 -0.997664 0.055548 0.039766 -0.999771 -0.017389 -0.012448 -0.999751 0.018150 0.012993 -0.999593 -0.023202 0.016591 -0.999734 0.018772 -0.013424 -0.947950 0.007104 -0.318340 -0.998446 0.039406 -0.039406 -0.998464 0.045074 -0.032231 -0.999631 -0.019218 0.019218 -0.999699 0.017342 -0.017342 -0.999429 -0.023894 -0.023894 -0.999686 0.017725 0.017725 -0.999989 -0.001422 -0.004573 -0.999901 0.004175 0.013425 -0.999828 -0.013130 0.013130 -0.999988 0.003443 -0.003443 1.000000 0.000002 -0.000001 -0.801415 0.535206 -0.267001 -0.904016 0.000382 -0.427498 0.706588 -0.707625 0.000007 0.949219 -0.314615 0.000039 0.706572 -0.707641 0.000019 -0.954141 0.281869 -0.100824 1.000000 0.000003 0.000003 -0.998714 0.048047 0.016175 1.000000 -0.000009 0.000005 1.000000 0.000003 -0.000002 1.000000 0.000001 -0.000001 1.000000 -0.000001 0.000001 1.000000 -0.000005 -0.000005 1.000000 -0.000002 -0.000002 
						1.000000 0.000000 0.000001 0.903832 -0.000001 0.427888 0.903731 -0.000004 -0.428101 0.801442 -0.535027 0.267277 -0.999990 -0.002007 0.004044 -0.997659 0.055625 -0.039776 -0.998421 0.039725 -0.039725 -0.998098 0.043587 0.043587 -0.998137 -0.049615 -0.035518 -0.999448 -0.023491 0.023491 0.998523 -0.038416 -0.038416 0.999191 0.011958 -0.038389 0.999101 0.037537 -0.019704 1.000000 -0.000000 0.000000 1.000000 0.000008 -0.000004 -0.802083 -0.534229 0.266950 -0.903898 -0.000378 0.427747 -0.999994 -0.002360 -0.002360 -0.999996 0.001909 0.001909 -0.950985 -0.308694 -0.018305 -0.998942 -0.020447 -0.041202 1.000000 0.000000 -0.000001 1.000000 0.000000 0.000000 -0.712769 -0.000304 0.701399 -0.801342 0.535047 0.267538 -0.999980 -0.004487 -0.004487 -0.999986 0.002357 -0.004750 -0.999981 0.005876 -0.001978 -0.706588 0.707625 0.000289 -0.999985 0.003865 0.003865 -0.947088 -0.014840 -0.320632 1.000000 0.000010 0.000010 1.000000 -0.000004 -0.000004 1.000000 -0.000001 -0.000001 1.000000 0.000000 -0.000003 1.000000 0.000000 0.000002 1.000000 -0.000000 0.000001 -0.706695 0.707519 0.000291 -0.706681 0.707533 0.000259 -0.934683 0.355483 0.000109 -0.706609 0.707381 0.017787 -0.707471 -0.706678 0.009530 -0.934761 -0.355278 -0.000182 -0.707551 -0.706663 -0.000323 -0.707564 -0.706649 -0.000308 0.706649 -0.707564 0.000007 -0.707612 -0.706601 -0.000318 -0.949338 -0.314257 -0.000128 -1.000000 0.000000 -0.000421 0.706633 -0.707580 0.000022 0.934693 -0.355455 0.000015 -0.707612 -0.706477 -0.013238 -0.706557 0.707651 -0.002631 -0.707474 -0.706602 0.013920 -0.706484 0.707316 0.024189 -0.949225 0.314599 0.000044 -0.706574 0.707639 0.000268 0.914471 -0.404651 -0.000002 -0.000001 1.000000 -0.000001 0.914482 0.404626 0.000002 0.248433 0.948810 -0.195042 -0.213237 0.977000 -0.000016 -0.214010 0.976831 -0.000001 -0.997965 0.023774 0.059173 
						-0.195581 -0.975422 0.101491 -0.194202 0.974565 -0.111839 -0.997213 -0.023758 -0.070727 0.244987 -0.942161 0.228724 0.983001 0.023415 0.182102 0.946250 -0.232845 0.224486 -0.005901 -0.982582 0.185738 0.981540 0.023379 0.189825 0.169264 -0.957790 0.232352 0.986035 -0.023489 -0.164874 0.243400 0.947049 -0.209413 0.007609 0.985529 -0.169338 0.955657 0.216080 -0.200074 -1.000000 0.000000 0.000427 0.248463 -0.948798 0.195060 -0.213386 -0.976968 0.000035 -0.213276 -0.976992 0.000002 -0.000000 1.000000 0.000000 0.999716 0.023835 0.000007 0.977005 -0.213217 0.000001 0.977006 0.213211 -0.000034 0.999714 -0.023896 -0.000015 -0.248374 -0.948831 -0.195015 0.213249 -0.976998 0.000016 0.213410 -0.976963 0.000001 -0.213935 0.976848 -0.000015 -0.145686 0.989331 -0.000008 0.000002 -0.618581 0.785721 -0.000001 -1.000000 0.000001 0.225680 -0.947694 0.225709 -0.227232 -0.946966 0.227203 0.000001 0.617916 -0.786244 -0.000001 1.000000 -0.000001 0.211937 0.954197 -0.211168 -0.206774 0.956067 -0.207798 -0.151257 0.976989 -0.150378 0.156531 0.975018 -0.157601 0.162563 -0.973211 0.162584 -0.168486 -0.971202 0.168464 -0.000002 1.000000 -0.000002 -0.000002 0.617918 0.786242 -0.000003 -1.000000 0.000003 0.000000 -0.618772 -0.785571 0.000001 1.000000 0.000994 0.000000 1.000000 -0.000950 0.000000 1.000000 0.000950 0.000000 1.000000 -0.000993 -0.000002 0.617641 -0.786460 0.000003 0.618502 0.785783 -0.000003 0.618290 -0.785950 0.000000 0.617691 0.786421 0.577350 -0.577351 0.577351 0.577350 -0.577351 0.577351 0.707106 -0.707107 0.000001 0.235697 -0.942812 0.235697 0.408234 -0.816511 0.408234 0.408248 -0.408249 0.816497 -0.948741 0.000544 0.316055 -0.949422 -0.007661 0.313910 -0.998218 -0.042201 -0.042201 0.707106 -0.707107 -0.000001 0.577350 -0.577350 -0.577350 0.408248 -0.408248 -0.816497 0.577350 -0.577350 -0.577350 
						0.235697 -0.942812 -0.235697 0.942812 -0.235697 -0.235697 0.816510 -0.408235 -0.408235 0.408235 -0.816510 -0.408235 0.942812 -0.235697 0.235697 0.816510 -0.408235 0.408235 0.019518 0.000030 0.999809 0.019518 -0.000030 0.999809 0.018028 0.382665 0.923711 0.018028 0.382675 0.923707 0.013798 0.707100 0.706979 0.013797 0.707105 0.706974 0.007467 0.923893 0.382578 0.007467 0.923889 0.382588 -0.000000 1.000000 -0.000000 -0.000000 1.000000 0.000000 -0.000000 1.000000 0.000000 0.000002 1.000000 0.000002 -0.007379 0.923923 -0.382508 -0.007382 0.923859 -0.382661 -0.013805 0.707095 -0.706983 -0.013804 0.707109 -0.706970 -0.018037 0.382658 -0.923714 -0.018037 0.382683 -0.923704 -0.019518 -0.000031 -0.999810 -0.019518 0.000031 -0.999809 -0.018033 -0.382679 -0.923705 -0.018033 -0.382661 -0.923713 -0.013808 -0.707112 -0.706967 -0.013809 -0.707093 -0.706986 -0.007471 -0.923890 -0.382585 -0.007471 -0.923892 -0.382581 0.000000 -1.000000 -0.000000 0.000000 -1.000000 0.000000 0.007471 -0.923890 0.382585 0.007470 -0.923892 0.382581 0.013808 -0.707112 0.706967 0.013809 -0.707093 0.706986 0.018028 -0.382676 0.923707 0.018029 -0.382665 0.923711 -0.742168 0.659956 -0.116809 -0.742160 0.659965 -0.116810 -0.003805 0.980785 -0.195053 -0.684442 0.717495 -0.129383 -0.531757 0.832545 -0.155254 -0.217277 0.958151 -0.186382 0.209870 0.958143 -0.194720 0.525262 0.832564 -0.175893 0.678886 0.717481 -0.155996 0.737034 0.659967 -0.145690 0.737040 0.659960 -0.145688 0.678884 0.717482 -0.155997 0.525297 0.832542 -0.175890 0.209834 0.958151 -0.194721 -0.217301 0.958145 -0.186380 -0.531732 0.832560 -0.155257 -0.684458 0.717480 -0.129381 0.194916 0.190586 -0.962125 0.512254 0.165606 -0.842716 -0.019127 0.195090 -0.980599 0.667669 0.142716 -0.730651 0.726718 0.131275 -0.674275 0.726728 0.131272 -0.674266 0.667659 0.142716 -0.730659 
						0.512276 0.165603 -0.842703 0.194876 0.190587 -0.962133 -0.232254 0.190588 -0.953800 -0.544753 0.165606 -0.822082 -0.695670 0.142717 -0.704042 -0.752490 0.131272 -0.645388 -0.752490 0.131273 -0.645389 -0.695679 0.142716 -0.704034 -0.544764 0.165605 -0.822075 -0.232264 0.190588 -0.953797 -0.211898 -0.000008 0.977292 -0.211898 0.000008 0.977292 -0.195759 0.382670 0.902908 -0.195758 0.382681 0.902903 -0.149835 0.707100 0.691056 -0.149836 0.707097 0.691059 -0.081082 0.923888 0.373974 -0.081081 0.923890 0.373970 -0.080975 0.923921 0.373916 -0.081009 0.923857 0.374066 0.000000 1.000000 0.000000 0.000001 1.000000 -0.000001 0.081082 0.923888 -0.373974 0.081081 0.923890 -0.373970 0.149830 0.707096 -0.691061 0.149829 0.707101 -0.691056 0.195757 0.382668 -0.902909 0.195756 0.382683 -0.902903 0.211888 -0.000001 -0.977294 0.211888 0.000001 -0.977294 0.195759 -0.382680 -0.902903 0.195760 -0.382671 -0.902907 0.149836 -0.707097 -0.691059 0.149835 -0.707100 -0.691056 0.081080 -0.923890 -0.373970 0.081081 -0.923888 -0.373975 -0.000000 -1.000000 0.000000 -0.000000 -1.000000 -0.000000 -0.081081 -0.923890 0.373970 -0.081082 -0.923888 0.373974 -0.149836 -0.707097 0.691059 -0.149835 -0.707100 0.691056 -0.195764 -0.382676 0.902904 -0.195764 -0.382675 0.902904 -0.696558 0.717483 -0.004990 -0.750758 0.659965 -0.028448 -0.041333 0.980785 0.190661 -0.750766 0.659955 -0.028451 -0.696562 0.717479 -0.004991 -0.551693 0.832557 0.049840 -0.249161 0.958144 0.140993 0.168370 0.958149 0.231520 0.481537 0.832542 0.273853 0.636076 0.717485 0.283941 0.695126 0.659965 0.285037 0.695136 0.659955 0.285037 0.636073 0.717488 0.283940 0.481506 0.832561 0.273850 0.168390 0.958145 0.231524 -0.249135 0.958150 0.141000 -0.551709 0.832547 0.049835 0.005753 0.190586 0.981654 -0.411795 0.190586 0.891124 -0.207796 0.195090 0.958520 
						-0.693025 0.165604 0.701635 -0.818348 0.142715 0.556722 -0.862787 0.131273 0.488228 -0.862789 0.131272 0.488223 -0.818345 0.142716 0.556726 -0.693022 0.165604 0.701638 -0.411794 0.190587 0.891124 0.005745 0.190587 0.981654 0.340193 0.165606 0.925658 0.514285 0.142717 0.845661 0.583101 0.131275 0.801723 0.583106 0.131274 0.801719 0.514277 0.142718 0.845666 0.340200 0.165605 0.925656 -0.228225 0.000032 0.973608 -0.228225 -0.000032 0.973608 -0.210894 0.382670 0.899493 -0.210892 0.382690 0.899485 -0.161410 0.707101 0.688443 -0.161408 0.707110 0.688435 -0.087344 0.923892 0.372551 -0.087345 0.923891 0.372554 0.000000 1.000000 0.000000 0.000000 1.000000 -0.000000 0.000000 1.000000 -0.000000 0.000000 1.000000 0.000000 0.087344 0.923892 -0.372550 0.087345 0.923891 -0.372554 0.161410 0.707102 -0.688443 0.161409 0.707110 -0.688435 0.210885 0.382662 -0.899499 0.210882 0.382699 -0.899484 0.228262 0.000002 -0.973600 0.228262 -0.000002 -0.973600 0.210887 -0.382695 -0.899484 0.210890 -0.382666 -0.899495 0.161305 -0.707168 -0.688399 0.161334 -0.707043 -0.688521 0.087341 -0.923892 -0.372552 0.087341 -0.923891 -0.372555 -0.000000 -1.000000 0.000000 -0.000000 -1.000000 -0.000000 -0.087345 -0.923891 0.372554 -0.087347 -0.923887 0.372564 -0.161399 -0.707116 0.688432 -0.161403 -0.707096 0.688450 -0.210883 -0.382697 0.899484 -0.210887 -0.382663 0.899497 -0.010744 0.190588 0.981611 -0.426695 0.190587 0.884086 -0.223869 0.195090 0.954894 -0.704713 0.165602 0.689895 -0.827571 0.142717 0.542916 -0.870859 0.131274 0.473680 -0.870862 0.131273 0.473674 -0.827573 0.142717 0.542913 -0.704704 0.165605 0.689904 -0.426712 0.190586 0.884078 -0.010717 0.190587 0.981612 0.324602 0.165607 0.931240 0.500004 0.142720 0.854182 0.569570 0.131274 0.811392 0.569584 0.131272 0.811383 0.500023 0.142716 0.854171 
						0.324604 0.165606 0.931240 -0.353555 -0.471601 -0.807831 -0.022567 -0.542746 -0.839594 0.189787 -0.555570 -0.809520 0.393408 -0.542744 -0.742064 0.675781 -0.471597 -0.566495 0.802640 -0.406422 -0.436567 0.847922 -0.373839 -0.375864 0.847925 -0.373836 -0.375858 0.802644 -0.406419 -0.436561 0.675769 -0.471602 -0.566505 0.393417 -0.542744 -0.742060 -0.022559 -0.542748 -0.839593 -0.353570 -0.471597 -0.807827 -0.524964 -0.406418 -0.747821 -0.592481 -0.373849 -0.713585 -0.592495 -0.373842 -0.713577 -0.524939 -0.406430 -0.747833 -1.000000 0.000000 -0.000000 -1.000000 0.000000 0.000000 -0.923889 0.382660 0.000000 -0.923880 0.382682 0.000000 -0.707107 0.707107 -0.000000 -0.707107 0.707107 0.000000 -0.382654 0.923892 -0.000008 -0.382681 0.923880 -0.000008 0.000007 1.000000 -0.000008 0.000000 1.000000 -0.000008 0.382666 0.923887 -0.000008 0.382682 0.923880 -0.000008 0.382682 0.923880 0.000000 0.382660 0.923889 0.000000 0.707107 0.707107 -0.000000 0.707107 0.707107 0.000000 0.923895 0.382647 -0.000016 0.923880 0.382682 -0.000015 1.000000 -0.000000 -0.000000 1.000000 0.000000 -0.000001 0.923884 -0.382673 -0.000016 0.923880 -0.382681 -0.000016 0.707107 -0.707107 -0.000000 0.707107 -0.707107 -0.000001 0.382660 -0.923889 -0.000000 0.382682 -0.923880 -0.000000 -0.000000 -1.000000 -0.000000 0.000000 -1.000000 -0.000000 -0.382660 -0.923889 -0.000000 -0.382682 -0.923880 -0.000000 -0.707107 -0.707107 -0.000000 -0.707107 -0.707107 -0.000000 -0.923889 -0.382660 -0.000000 -0.923880 -0.382682 -0.000000 -0.958144 -0.190587 0.213627 -0.958150 -0.190590 -0.213598 -0.974714 -0.193887 -0.111093 -0.974715 -0.193881 0.111091 -0.659959 -0.131276 -0.739744 -0.717485 -0.142718 -0.681797 -0.885432 -0.176118 -0.430109 -0.855020 -0.170070 -0.489915 -0.832548 -0.165604 0.528620 -0.717485 -0.142714 0.681797 -0.885433 -0.176132 0.430100 -0.934573 -0.185894 0.303343 
						-0.832563 -0.165604 0.528597 -0.934580 -0.185881 0.303330 -0.717486 -0.142718 -0.681796 -0.659960 -0.131275 -0.739743 -0.855021 -0.170064 -0.489915 -0.885433 -0.176130 -0.430101 -0.958145 -0.190586 -0.213626 -0.958150 -0.190589 0.213599 -0.974714 -0.193883 0.111095 -0.974714 -0.193885 -0.111093 -0.659960 -0.131272 0.739743 -0.717487 -0.142715 0.681796 -0.885431 -0.176120 0.430109 -0.855018 -0.170080 0.489915 -0.832548 -0.165606 -0.528619 -0.934572 -0.185912 -0.303335 -0.832561 -0.165606 -0.528599 -0.934573 -0.185900 -0.303339 -0.659960 -0.131270 0.739744 -0.855019 -0.170081 0.489914 0.963126 -0.083934 -0.255622 0.906725 -0.102756 -0.409012 0.819608 -0.206468 -0.534429 0.884008 -0.231039 -0.406388 0.909011 -0.093440 0.406163 0.860523 -0.146945 0.487757 0.785370 -0.191894 0.588533 0.820758 -0.203854 0.533666 0.858911 -0.153945 -0.488439 0.785674 -0.190886 -0.588455 0.850540 -0.197671 0.487348 0.790500 -0.189976 0.582253 0.849582 -0.203071 -0.486799 0.790386 -0.190710 -0.582169 0.882119 -0.212492 0.420373 0.835249 -0.201748 0.511524 0.881521 -0.217854 -0.418881 0.835024 -0.206185 -0.510120 0.934479 -0.187452 0.302673 0.907091 -0.229072 0.353144 0.934150 -0.192572 -0.300466 0.906839 -0.234717 -0.350073 0.979972 -0.141785 0.139827 0.962678 -0.251392 0.100267 0.979773 -0.144673 -0.138254 0.962618 -0.251714 -0.100031 0.993074 -0.101939 -0.058410 0.950485 -0.250222 -0.184304 0.993420 -0.099375 0.056941 0.964767 -0.076132 0.251851 0.887970 -0.223149 0.402136 0.953242 -0.243328 0.179226 0.514175 -0.769531 0.378743 0.473783 -0.709060 0.522267 0.555568 -0.831471 0.000000 0.450354 -0.673993 0.585590 0.450339 -0.673990 0.585604 0.473779 -0.709066 0.522264 0.514184 -0.769531 0.378729 0.549919 -0.823016 0.142247 0.549924 -0.823014 -0.142238 0.514184 -0.769528 -0.378738 0.473784 -0.709060 -0.522267 0.450354 -0.673992 -0.585590 
						0.450339 -0.673990 -0.585604 0.473770 -0.709074 -0.522260 0.514177 -0.769539 -0.378724 0.549918 -0.823016 -0.142246 0.549914 -0.823020 0.142247 -0.539172 -0.722228 0.433222 -0.446367 -0.792173 0.416195 -0.228663 -0.421605 0.877475 -0.191967 -0.376590 0.906272 -0.539172 -0.722227 -0.433222 -0.446357 -0.792172 -0.416207 -0.228662 -0.421606 -0.877475 -0.191965 -0.376591 -0.906272 0.089825 -0.025247 -0.995638 0.045793 -0.081695 -0.995605 -0.259433 -0.939093 0.225385 -0.305920 -0.935980 0.174224 -0.772204 -0.558550 -0.302857 -0.855936 -0.484995 -0.179312 -0.482431 -0.875504 0.027436 -0.620827 -0.777734 0.098508 -0.482411 -0.875515 -0.027424 -0.620851 -0.777716 -0.098494 -0.772192 -0.558555 0.302880 -0.305915 -0.935984 -0.174212 0.089823 -0.025246 0.995638 0.045792 -0.081693 0.995605 0.165807 -0.833417 -0.527184 -0.746567 -0.125517 0.653363 0.165803 -0.833415 0.527190 -0.746576 -0.125511 -0.653354 -0.925389 0.255424 -0.280023 -0.259433 -0.939093 -0.225388 0.474167 -0.837214 -0.272469 -0.925389 0.255424 0.280025 -0.855937 -0.484996 0.179306 0.474167 -0.837215 0.272464 -0.175133 0.984545 0.000003 -0.175459 0.984486 -0.000905 -0.175513 0.984477 -0.000861 -0.175141 0.984543 -0.000003 -0.176339 0.984330 0.000039 -0.176339 0.984330 0.000109 -0.175332 0.984509 0.001034 -0.175361 0.984504 0.001015 -0.174855 0.984594 -0.000003 -0.174888 0.984588 0.000003 -0.175338 0.984508 -0.001039 -0.175333 0.984509 -0.001033 -0.176339 0.984330 -0.000038 -0.176339 0.984330 -0.000073 -0.175465 0.984485 0.000910 -0.175484 0.984482 0.000880 -0.175142 0.984543 0.000003 -0.175132 0.984545 -0.000003 0.137379 -0.985720 0.097386 0.338425 -0.928718 -0.151496 -0.098397 -0.993093 -0.063902 0.485502 -0.874039 0.018528 0.131284 -0.986208 -0.100788 0.329150 -0.932921 0.146013 -0.108330 -0.993262 0.041177 0.476585 -0.878164 -0.041160 0.455836 -0.890064 -0.000001 
						-0.084599 -0.996415 0.000015 -0.230694 -0.195254 -0.953235 -0.033146 -0.527402 -0.848969 0.222360 -0.474104 -0.851928 0.255136 -0.082845 -0.963350 0.220716 -0.892361 -0.393670 0.171525 -0.905298 0.388606 0.223168 -0.891609 0.393992 0.177806 -0.904473 -0.387702 0.215123 -0.472818 0.854497 -0.028658 -0.524588 0.850874 0.455718 -0.889815 -0.023452 -0.084567 -0.996142 -0.023452 0.216754 -0.684121 0.696416 0.097148 -0.748159 0.656369 0.211696 -0.694346 -0.687800 0.105809 -0.755171 -0.646932 0.229065 -0.447967 -0.864208 -0.226841 -0.192002 0.954818 -0.037098 -0.440822 0.896827 0.224760 -0.439564 0.869636 0.249315 -0.080965 0.965032 -0.037828 -0.449402 -0.892528 0.053101 0.998133 -0.030192 -0.047588 0.998396 0.030678 -0.044519 0.998353 0.036180 0.044950 0.998334 -0.036176 0.084713 0.797622 -0.597180 0.406551 0.902114 -0.144593 0.069618 0.997487 -0.013155 0.074063 0.997146 0.014617 0.083212 0.996197 0.025831 0.533586 0.845146 0.031835 0.551459 0.834078 0.014367 0.063833 0.997784 0.018747 0.382048 0.907826 0.172888 0.949274 0.312177 -0.037735 0.998507 0.023676 -0.049232 0.999717 0.023652 0.002634 0.949780 0.312911 0.001988 -0.064109 0.997772 0.018479 -0.381857 0.907865 0.173105 -0.082302 0.797481 0.597705 0.043042 0.809619 -0.585376 0.049072 0.998328 0.030548 -0.051288 0.998223 -0.030352 -0.069870 0.997473 -0.012911 -0.046906 0.998245 -0.036162 -0.042416 0.809635 -0.585399 -0.083905 0.797575 -0.597356 -0.074078 0.997147 0.014487 0.073283 0.997078 -0.021549 0.083239 0.996320 -0.020415 -0.083212 0.996198 0.025788 -0.989873 0.049255 -0.133134 -0.998867 0.023642 -0.041306 -0.949427 0.312204 -0.033407 -0.946618 0.304797 -0.104946 -0.988506 0.051114 0.142279 -0.945982 0.305368 0.108946 -0.949303 0.312183 0.036956 -0.998781 0.023651 0.043321 -0.533700 0.845281 -0.025774 -0.547461 0.835630 -0.044821 
						-0.900623 0.424591 -0.092739 -0.406359 0.902164 -0.144818 0.082594 0.797498 0.597641 0.042706 0.998432 0.036193 -0.040742 0.809677 0.585460 -0.073301 0.997081 -0.021389 -0.083239 0.996321 -0.020393 0.946667 0.304752 0.104631 0.893252 0.437241 0.104504 0.949137 0.312151 0.041245 0.989931 0.049173 0.132732 0.975240 0.187071 0.117943 0.547479 0.835625 -0.044693 0.533700 0.845281 -0.025757 -0.975190 0.187249 0.118073 -0.893155 0.437403 0.104655 0.900736 0.424391 -0.092555 0.969849 0.205335 -0.131263 0.991241 0.047258 -0.123323 0.947312 0.304147 -0.100472 -0.551447 0.834084 0.014463 -0.533586 0.845146 0.031833 0.998411 0.023684 0.051124 0.533478 0.845813 0.001318 -0.949780 0.312911 0.001963 -0.999717 0.023652 0.002605 -0.083652 0.996495 -0.000737 0.083652 0.996495 -0.000713 -0.533478 0.845813 0.001293 -0.969777 0.205567 -0.131432 0.041764 0.809652 0.585423 
					</float_array>
					<technique_common>
						<accessor count="1055" offset="0" source="#meshId0-bitangents-array" stride="3">
							<param name="X" type="float" />
							<param name="Y" type="float" />
							<param name="Z" type="float" />
						</accessor>
					</technique_common>
				</source>
				<source id="meshId0-tex0" name="meshId0-tex0">
					<float_array id="meshId0-tex0-array" count="2110"> 
						0.508718 0.836877 0.508741 0.860434 0.497322 0.850058 0.497322 0.836877 0.627632 0.835688 0.627651 0.860443 0.616227 0.850057 0.616227 0.835688 0.508722 0.924589 0.508741 0.939469 0.497330 0.929081 0.497335 0.915254 0.860383 0.942359 0.860399 0.956500 0.848973 0.946122 0.848973 0.932986 0.145353 0.558748 0.139621 0.538345 0.151384 0.536002 0.159371 0.554157 0.389452 0.515550 0.389373 0.530823 0.373996 0.530726 0.374075 0.515471 0.172394 0.074642 0.177594 0.051630 0.190339 0.055573 0.186970 0.077611 0.192076 0.725850 0.183928 0.705876 0.196621 0.701429 0.206803 0.718566 0.199377 0.038137 0.216832 0.052980 0.207349 0.068260 0.136991 0.248889 0.136836 0.236191 0.148512 0.236318 0.150696 0.247618 0.150517 0.220856 0.170102 0.224209 0.167652 0.239815 0.205581 0.080493 0.670525 0.511138 0.675977 0.513064 0.668228 0.522060 0.664874 0.519512 0.170463 0.253358 0.149278 0.520722 0.168637 0.515578 0.171968 0.534031 0.137704 0.520971 0.184704 0.031798 0.138582 0.218670 0.354864 0.517712 0.354938 0.503616 0.177376 0.546486 0.213997 0.689983 0.224724 0.703781 0.687618 0.560146 0.675481 0.560146 0.675481 0.544683 0.687618 0.544686 0.533111 0.881777 
						0.520974 0.881782 0.520967 0.866319 0.533104 0.866318 0.371413 0.929028 0.383550 0.929033 0.383543 0.944493 0.371406 0.944491 0.402067 0.929041 0.497323 0.944513 0.402061 0.944496 0.675479 0.764417 0.675479 0.750048 0.687616 0.750048 0.687616 0.764417 0.735193 0.683408 0.735193 0.720976 0.723056 0.720976 0.723056 0.683408 0.644362 0.544589 0.644831 0.540729 0.655045 0.540269 0.655163 0.544476 0.664038 0.343945 0.668688 0.341050 0.676046 0.351428 0.670027 0.353564 0.848973 0.895419 0.753710 0.932986 0.753710 0.895418 0.735193 0.669581 0.723056 0.669581 0.723056 0.654118 0.735193 0.654121 0.197216 0.437835 0.196786 0.316753 0.329866 0.315131 0.329933 0.438905 0.355244 0.438968 0.355201 0.315027 0.374398 0.315829 0.374415 0.439867 0.151466 0.508943 0.171377 0.501336 0.137784 0.507721 0.154598 0.318414 0.155012 0.438159 0.140193 0.438053 0.139780 0.318624 0.860399 0.659198 0.860383 0.674078 0.848973 0.683408 0.848973 0.669581 0.173095 0.464333 0.196796 0.464989 0.195692 0.502133 0.658303 0.871344 0.658283 0.885486 0.646896 0.894864 0.646891 0.881728 0.389351 0.225365 0.389434 0.239926 0.374008 0.240014 0.373924 0.225476 0.354806 0.250194 
						0.354728 0.236734 0.551628 0.881769 0.551622 0.866315 0.646884 0.866299 0.696194 0.354029 0.691430 0.352819 0.702481 0.335436 0.705631 0.337288 0.011783 0.774059 0.011783 0.894937 0.000393 0.894960 0.000393 0.774079 0.329802 0.466270 0.355141 0.466400 0.329553 0.503459 0.139449 0.292519 0.153984 0.292007 0.173202 0.317188 0.173610 0.437548 0.689732 0.321433 0.689805 0.325186 0.678640 0.327305 0.677446 0.323564 0.733354 0.245913 0.728757 0.365108 0.721101 0.364824 0.725697 0.245629 0.189835 0.543182 0.224148 0.672543 0.211689 0.675848 0.670658 0.331271 0.668844 0.327446 0.616227 0.705046 0.520965 0.835688 0.520965 0.705046 0.497322 0.691867 0.402060 0.691867 0.402060 0.676410 0.497322 0.676431 0.192763 0.679219 0.176188 0.209256 0.216252 0.082929 0.186956 0.211714 0.158020 0.202254 0.143899 0.198090 0.178031 0.682605 0.627632 0.705046 0.508741 0.681481 0.508718 0.706235 0.497322 0.706235 0.627651 0.681490 0.616227 0.691866 0.663253 0.529698 0.659292 0.531548 0.649436 0.512132 0.654509 0.510972 0.675479 0.908239 0.687616 0.908239 0.687616 0.923701 0.675479 0.923698 0.696732 0.510196 0.691546 0.511445 0.623836 0.536186 0.625836 0.532857 
						0.633865 0.537906 0.632340 0.541297 0.497351 0.877688 0.402073 0.915214 0.402089 0.877646 0.633972 0.322530 0.634881 0.326468 0.626340 0.330005 0.624743 0.325912 0.402060 0.836877 0.402060 0.706235 0.051677 0.549993 0.049366 0.529199 0.753710 0.868635 0.848973 0.868636 0.085521 0.028664 0.090608 0.007785 0.048061 0.228871 0.050212 0.208054 0.687618 0.705156 0.687618 0.718337 0.675481 0.718337 0.675481 0.705156 0.551634 0.894905 0.723056 0.946122 0.735193 0.946122 0.735193 0.961582 0.723056 0.961584 0.675479 0.734587 0.687616 0.734585 0.735193 0.932986 0.723056 0.932986 0.687616 0.895058 0.697802 0.755540 0.697802 0.903461 0.194850 0.252294 0.329318 0.250388 0.329656 0.287709 0.196212 0.289565 0.675481 0.574515 0.665318 0.713559 0.665318 0.565638 0.508741 0.877673 0.699059 0.918639 0.699059 0.739648 0.712870 0.675073 0.711614 0.659181 0.711614 0.956522 0.712870 0.941343 0.664038 0.549746 0.664038 0.728737 0.520980 0.894918 0.510813 0.886564 0.509527 0.871387 0.657015 0.327191 0.652581 0.334778 0.645211 0.331911 0.646813 0.325342 0.651573 0.532344 0.644957 0.520307 0.687321 0.539911 0.686772 0.533357 0.693914 0.531438 0.697269 0.539491 
						0.687233 0.519993 0.680916 0.522659 0.648833 0.354153 0.633607 0.513418 0.632114 0.352251 0.688652 0.331505 0.681460 0.333176 0.623621 0.340015 0.631889 0.336679 0.637979 0.342314 0.677782 0.537565 0.680629 0.531972 0.676436 0.337249 0.681613 0.341751 0.647034 0.321433 0.667037 0.535384 0.669119 0.532012 0.676231 0.541061 0.686831 0.543898 0.697384 0.543813 0.628226 0.511537 0.624931 0.523454 0.621684 0.520940 0.653786 0.355433 0.659928 0.336650 0.663253 0.338609 0.657666 0.323139 0.705631 0.528305 0.701603 0.530284 0.618892 0.343000 0.626068 0.354367 0.699504 0.322352 0.699136 0.326265 0.644184 0.534243 0.638285 0.522947 0.636978 0.532413 0.631987 0.527536 0.695453 0.333866 0.687858 0.344581 0.675336 0.526697 0.644890 0.345497 0.637366 0.332745 0.371419 0.915201 0.359966 0.939423 0.361252 0.923531 0.752330 0.129690 0.743607 0.126651 0.831010 0.015304 0.835900 0.022981 0.015900 0.242913 0.008188 0.236896 0.006997 0.221325 0.015894 0.226255 0.020870 0.554070 0.010725 0.558118 0.007961 0.536920 0.016937 0.531828 0.009051 0.520325 0.016712 0.514334 0.731287 0.472087 0.721671 0.475442 0.717096 0.456939 0.724934 0.452050 0.839685 0.003623 
						0.844047 0.011782 0.735951 0.158683 0.729024 0.153622 0.734521 0.137485 0.742648 0.141030 0.009508 0.200464 0.019551 0.204284 0.736110 0.174209 0.728725 0.168366 0.734372 0.219502 0.726714 0.219219 0.718063 0.442197 0.726009 0.436750 0.014690 0.290095 0.006737 0.289946 0.742101 0.486166 0.731357 0.489120 0.835161 0.625706 0.828423 0.634672 0.844047 0.640257 0.837908 0.649824 0.832329 0.653333 0.822830 0.638299 0.725711 0.492876 0.001947 0.236983 0.001287 0.221078 0.739428 0.123355 0.826690 0.012018 0.004388 0.558857 0.002151 0.536985 0.002986 0.520243 0.835349 0.000393 0.730276 0.134937 0.723801 0.152528 0.722842 0.168125 0.711614 0.457300 0.712275 0.441952 0.720875 0.218994 0.716150 0.477746 0.000672 0.289845 0.615019 0.656630 0.599095 0.672562 0.582870 0.671223 0.613646 0.639642 0.596348 0.436387 0.596500 0.558674 0.412509 0.558774 0.412407 0.436058 0.429499 0.673663 0.412104 0.675625 0.395205 0.659819 0.396001 0.642332 0.395181 0.354138 0.394062 0.337496 0.410631 0.321433 0.428012 0.323103 0.582519 0.323644 0.598919 0.322139 0.615147 0.338130 0.613885 0.354550 0.391501 0.587170 0.403617 0.586523 0.407416 0.625463 0.573601 0.342559 
						0.436933 0.341681 0.438172 0.654975 0.442335 0.644717 0.569576 0.643296 0.573867 0.652522 0.441158 0.351886 0.415476 0.377846 0.406594 0.370749 0.602350 0.623499 0.617338 0.408303 0.605508 0.408832 0.602479 0.370882 0.416447 0.618332 0.593453 0.616728 0.569395 0.351896 0.593552 0.377737 0.413670 0.585795 0.007511 0.467632 0.015436 0.467452 0.107046 0.905398 0.011783 0.906327 0.107045 0.894937 0.003771 0.199794 0.014348 0.317390 0.027059 0.290334 0.026672 0.317465 0.719856 0.245404 0.715260 0.364598 0.137700 0.905099 0.125563 0.905218 0.125563 0.894936 0.137700 0.894936 0.595713 0.585379 0.605502 0.585906 0.606045 0.436227 0.606124 0.558823 0.402777 0.558981 0.402699 0.435891 0.425415 0.387636 0.424280 0.408875 0.413171 0.409012 0.618107 0.436002 0.618107 0.559020 0.390597 0.559211 0.390574 0.435643 0.006440 0.317339 0.006976 0.440313 0.000941 0.440389 0.000393 0.317318 0.712870 0.720989 0.520996 0.932486 0.510833 0.932479 0.107046 0.774060 0.011783 0.762669 0.107046 0.763598 0.014867 0.440219 0.860383 0.895443 0.172454 0.290357 0.712870 0.868646 0.712870 0.747771 0.723056 0.747759 0.723056 0.868635 0.860383 0.720994 0.848973 0.720974 
						0.735193 0.747759 0.147863 0.774072 0.147863 0.894947 0.137700 0.774060 0.374318 0.467340 0.403328 0.408525 0.617244 0.586400 0.391472 0.407945 0.595633 0.409299 0.001476 0.467773 0.714242 0.391011 0.720086 0.391236 0.727739 0.391518 0.723056 0.895418 0.712870 0.895428 0.371435 0.877633 0.361272 0.877616 0.389789 0.315798 0.389789 0.439896 0.140006 0.464095 0.154533 0.464535 0.753710 0.720976 0.753710 0.683408 0.658303 0.932401 0.646912 0.932430 0.389704 0.288232 0.374290 0.288297 0.355057 0.287537 0.551650 0.932472 0.389695 0.467400 0.583327 0.387969 0.860383 0.868659 0.860383 0.747778 0.848973 0.747758 0.735193 0.868635 0.735193 0.895418 0.753710 0.747759 0.533133 0.932480 0.533137 0.942762 0.521000 0.942649 0.027175 0.440033 0.027778 0.467138 0.371439 0.867470 0.383576 0.867357 0.383572 0.877638 0.125563 0.774060 0.402093 0.867185 0.497356 0.866298 0.383556 0.915206 0.125563 0.763779 0.137700 0.763897 0.045359 0.317594 0.045772 0.290760 0.046479 0.466518 0.045857 0.439736 0.646917 0.943820 0.551655 0.942934 0.753710 0.946122 0.675479 0.895058 0.753710 0.669581 0.402060 0.850058 0.497322 0.865487 0.402060 0.865512 0.030267 0.530549 
						0.033062 0.552357 0.031655 0.205829 0.029035 0.227326 0.071657 0.737137 0.077424 0.758562 0.065083 0.761883 0.059317 0.740457 0.096253 0.753460 0.090444 0.732185 0.072161 0.003310 0.067096 0.024296 0.055009 0.021379 0.060074 0.000393 0.533117 0.894913 0.520965 0.691866 0.520965 0.676410 0.616227 0.676434 0.687618 0.574515 0.753710 0.654124 0.848973 0.654142 0.848973 0.961558 0.753710 0.961578 0.520965 0.850057 0.616227 0.865496 0.520965 0.865514 0.687618 0.733796 0.675481 0.733799 0.509527 0.860453 0.509527 0.835857 0.065132 0.711969 0.084056 0.707431 0.664038 0.918636 0.664038 0.895188 0.061283 0.049099 0.079846 0.053169 0.053396 0.184830 0.034741 0.181831 0.036305 0.576349 0.055119 0.573119 0.664039 0.764248 0.664039 0.739649 0.509527 0.704917 0.509527 0.681471 0.390574 0.836877 0.390574 0.706235 0.699104 0.574515 0.699104 0.705156 0.699058 0.728735 0.390623 0.860452 0.390623 0.681470 0.699058 0.549747 0.698163 0.305333 0.609703 0.216874 0.622369 0.204208 0.710828 0.292668 0.682849 0.320647 0.594390 0.232188 0.423768 0.426640 0.584996 0.426908 0.584511 0.409161 0.479033 0.116831 0.494347 0.101518 0.507013 0.088852 0.405888 0.013058 
						0.390574 0.028372 0.710828 0.115749 0.595472 0.000393 0.418554 0.000393 0.390574 0.205290 0.505931 0.320647 0.703563 0.654822 0.702281 0.654822 0.702281 0.627288 0.703563 0.627288 0.702281 0.599755 0.703563 0.599755 0.702282 0.572220 0.703563 0.572220 0.702282 0.544683 0.703563 0.544683 0.703563 0.985225 0.702282 0.985225 0.702282 0.957692 0.703563 0.957692 0.702282 0.930159 0.703563 0.930159 0.702282 0.902626 0.703563 0.902626 0.702282 0.875093 0.703563 0.875093 0.702282 0.847559 0.703563 0.847559 0.702282 0.820026 0.703563 0.820026 0.702282 0.792493 0.703563 0.792493 0.702282 0.764960 0.703563 0.764960 0.702282 0.737425 0.703563 0.737425 0.702282 0.709890 0.703563 0.709890 0.702282 0.682356 0.703563 0.682356 0.944163 0.792541 0.916629 0.792541 0.930396 0.723330 0.891191 0.782004 0.871721 0.762535 0.861185 0.737097 0.861185 0.709563 0.871721 0.684125 0.891191 0.664655 0.916629 0.654118 0.944163 0.654118 0.969601 0.664655 0.989070 0.684125 0.999607 0.709563 0.999607 0.737097 0.989070 0.762535 0.969601 0.782004 0.999607 0.876305 0.989070 0.901743 0.930396 0.862538 0.969601 0.921212 0.944163 0.931749 0.916629 0.931749 0.891191 0.921212 
						0.871721 0.901743 0.861185 0.876305 0.861185 0.848771 0.871721 0.823333 0.891191 0.803863 0.916629 0.793326 0.944163 0.793326 0.969601 0.803863 0.989071 0.823333 0.999607 0.848771 0.701496 0.627293 0.700214 0.627293 0.700214 0.599757 0.701496 0.599757 0.700214 0.572220 0.701496 0.572220 0.700214 0.544683 0.701496 0.544683 0.701496 0.985225 0.700215 0.985225 0.700214 0.957693 0.701496 0.957693 0.700214 0.930159 0.701496 0.930159 0.700214 0.902626 0.701496 0.902626 0.700214 0.875093 0.701495 0.875093 0.700214 0.847561 0.701495 0.847561 0.700214 0.820029 0.701495 0.820029 0.700214 0.792497 0.701496 0.792497 0.700215 0.764964 0.701496 0.764964 0.700215 0.737431 0.701496 0.737431 0.700215 0.709898 0.701496 0.709898 0.700215 0.682364 0.701496 0.682364 0.700215 0.654829 0.701496 0.654829 0.953249 0.406695 0.927811 0.417232 0.914044 0.348020 0.900277 0.417232 0.874839 0.406695 0.855369 0.387225 0.844832 0.361787 0.844832 0.334253 0.855369 0.308815 0.874839 0.289346 0.900277 0.278809 0.927811 0.278809 0.953249 0.289346 0.972718 0.308815 0.983255 0.334253 0.983255 0.361787 0.972718 0.387225 0.844832 0.083371 0.844832 0.055837 0.914044 0.069604 
						0.855369 0.030399 0.874839 0.010930 0.900277 0.000393 0.927811 0.000393 0.953249 0.010930 0.972718 0.030399 0.983255 0.055837 0.983255 0.083371 0.972718 0.108809 0.953249 0.128279 0.927811 0.138815 0.900277 0.138815 0.874839 0.128279 0.855369 0.108809 0.705631 0.654811 0.704349 0.654811 0.704349 0.627279 0.705631 0.627279 0.704349 0.599747 0.705631 0.599747 0.704349 0.572215 0.705631 0.572215 0.704349 0.544683 0.705630 0.544683 0.705631 0.985228 0.704349 0.985228 0.704349 0.957690 0.705630 0.957690 0.704349 0.930152 0.705630 0.930152 0.704349 0.902614 0.705630 0.902614 0.704349 0.875079 0.705630 0.875079 0.704349 0.847543 0.705630 0.847543 0.704349 0.820010 0.705630 0.820010 0.704349 0.792476 0.705630 0.792476 0.704349 0.764942 0.705630 0.764942 0.704349 0.737411 0.705631 0.737411 0.704349 0.709879 0.705631 0.709879 0.704349 0.682345 0.705631 0.682345 0.983255 0.195045 0.983255 0.222579 0.914044 0.208812 0.972718 0.248017 0.953249 0.267487 0.927811 0.278024 0.900277 0.278024 0.874839 0.267487 0.855369 0.248017 0.844832 0.222579 0.844832 0.195045 0.855369 0.169607 0.874839 0.150138 0.900277 0.139601 0.927811 0.139601 0.953249 0.150138 
						0.972718 0.169607 0.972718 0.448023 0.983255 0.473461 0.914044 0.487228 0.983255 0.500995 0.972718 0.526434 0.953249 0.545903 0.927811 0.556440 0.900277 0.556440 0.874839 0.545903 0.855369 0.526434 0.844832 0.500996 0.844832 0.473462 0.855369 0.448023 0.874839 0.428554 0.900277 0.418017 0.927811 0.418017 0.953249 0.428554 0.710018 0.465384 0.706416 0.465384 0.706416 0.436594 0.710018 0.436594 0.706416 0.407803 0.710018 0.407803 0.706416 0.379013 0.710018 0.379013 0.706416 0.350223 0.710018 0.350223 0.706417 0.321433 0.710018 0.321433 0.710018 0.782084 0.706416 0.782084 0.706416 0.753293 0.710018 0.753293 0.706417 0.724502 0.710018 0.724502 0.706417 0.695711 0.710018 0.695711 0.706417 0.666919 0.710018 0.666920 0.706417 0.638128 0.710018 0.638128 0.706416 0.609338 0.710018 0.609338 0.706416 0.580547 0.710018 0.580547 0.706416 0.551756 0.710018 0.551756 0.706416 0.522965 0.710018 0.522965 0.706416 0.494175 0.710018 0.494175 0.293389 0.820644 0.293389 0.849434 0.227728 0.836373 0.227728 0.833705 0.206623 0.907409 0.180024 0.896392 0.217219 0.840726 0.219684 0.841748 0.159666 0.794044 0.180024 0.773686 0.217219 0.829352 0.215331 0.831239 
						0.282371 0.794045 0.226706 0.831239 0.262013 0.896391 0.235414 0.907409 0.222353 0.841748 0.224819 0.840726 0.148648 0.849434 0.148648 0.820644 0.214310 0.833704 0.214310 0.836373 0.235414 0.762669 0.262013 0.773686 0.224819 0.829351 0.222353 0.828330 0.282371 0.876033 0.226706 0.838839 0.159666 0.876033 0.215331 0.838839 0.206623 0.762669 0.219684 0.828330 0.635114 0.616634 0.632632 0.619126 0.629822 0.615184 0.630998 0.614058 0.622632 0.604147 0.625854 0.602773 0.626942 0.607467 0.625445 0.608046 0.629392 0.620472 0.628318 0.615772 0.629366 0.602753 0.628551 0.607517 0.625888 0.620468 0.626714 0.615727 0.632621 0.604094 0.630023 0.608191 0.622661 0.619110 0.625261 0.615056 0.635112 0.606589 0.631130 0.609385 0.620208 0.616613 0.624186 0.613861 0.636457 0.609851 0.631702 0.610920 0.618893 0.613370 0.623637 0.612320 0.636457 0.613378 0.631659 0.612561 0.618892 0.609878 0.620195 0.606648 0.624295 0.609169 0.623676 0.610669 0.628323 0.547495 0.629699 0.546119 0.632469 0.550265 0.631497 0.545374 0.633442 0.545374 0.635240 0.546119 0.636616 0.547495 0.637361 0.549293 0.637361 0.551238 0.636616 0.553036 0.635240 0.554412 0.633442 0.555157 
						0.631497 0.555157 0.629699 0.554412 0.628323 0.553036 0.627578 0.551238 0.627578 0.549293 0.331119 0.775475 0.308376 0.777448 0.306709 0.776146 0.332537 0.773906 0.310295 0.806053 0.333039 0.804081 0.334705 0.805382 0.308877 0.807622 0.309839 0.818860 0.335692 0.816618 0.294174 0.778779 0.303908 0.781191 0.305185 0.802685 0.294174 0.805620 0.305198 0.782337 0.335008 0.780187 0.336217 0.799192 0.306406 0.801342 0.336230 0.778843 0.337507 0.800338 0.331575 0.762669 0.305722 0.764911 0.335122 0.804786 0.333082 0.774469 0.306292 0.776742 0.308333 0.807059 0.296425 0.811982 0.347240 0.802750 0.345634 0.807995 0.344989 0.769546 0.347240 0.775909 0.295780 0.773533 0.618892 0.545380 0.619880 0.545377 0.619880 0.601957 0.618892 0.601960 0.620868 0.545374 0.620868 0.601955 0.621855 0.545377 0.621855 0.601957 0.622843 0.545381 0.622843 0.601961 0.623830 0.545384 0.623830 0.601965 0.624818 0.545387 0.624818 0.601967 0.625805 0.545385 0.625805 0.601965 0.626793 0.545381 0.626793 0.601961 0.621968 0.625534 0.622131 0.632198 0.621823 0.632658 0.621638 0.625089 0.627187 0.631962 0.627187 0.625306 0.627506 0.624855 0.627506 0.632413 0.630247 0.632416 
						0.630247 0.624852 0.622010 0.635980 0.622809 0.633601 0.626526 0.633463 0.627335 0.636187 0.623007 0.633290 0.622900 0.624353 0.626270 0.624211 0.626295 0.633145 0.622668 0.624027 0.626471 0.623893 0.618892 0.625153 0.619077 0.632729 0.627360 0.624765 0.621758 0.624974 0.621949 0.632728 0.627408 0.632512 0.628980 0.635470 0.627267 0.621467 0.628726 0.622098 0.620201 0.621968 0.621869 0.621258 0.620576 0.635346 0.345259 0.857822 0.345278 0.826197 0.348471 0.826045 0.348471 0.857985 0.345122 0.859665 0.344514 0.859358 0.344521 0.857756 0.299344 0.857718 0.306053 0.857940 0.305993 0.859812 0.299324 0.859457 0.298109 0.857698 0.298113 0.859292 0.336661 0.860796 0.336826 0.864106 0.321310 0.864317 0.321316 0.861039 0.344548 0.826262 0.344544 0.824669 0.345149 0.824367 0.348381 0.859872 0.297378 0.857762 0.297411 0.826138 0.298149 0.826205 0.294212 0.825978 0.294299 0.824096 0.297548 0.824298 0.343313 0.826242 0.343277 0.857775 0.336573 0.857993 0.336607 0.826020 0.298775 0.820451 0.305840 0.819857 0.306005 0.823166 0.299310 0.823583 0.343934 0.820522 0.343395 0.823648 0.336703 0.823218 0.336874 0.819920 0.306039 0.824097 0.299370 0.824441 
						0.297990 0.823925 0.298156 0.824604 0.297507 0.859595 0.294174 0.857916 0.348387 0.824170 0.299392 0.826186 0.306093 0.825968 0.299262 0.860314 0.297946 0.859970 0.305957 0.860743 0.298724 0.863441 0.297356 0.863186 0.343298 0.859521 0.336628 0.859865 0.345301 0.820777 0.344711 0.823992 0.344679 0.860038 0.345263 0.863261 0.343893 0.863513 0.343359 0.860380 0.343334 0.824504 0.336667 0.824149 0.305786 0.864042 0.321318 0.860102 0.321347 0.822923 0.321352 0.819645 0.321342 0.825745 0.321321 0.858216 0.321345 0.823860 0.297406 0.820704 0.294260 0.859796 
					</float_array>
					<technique_common>
						<accessor count="1055" offset="0" source="#meshId0-tex0-array" stride="2">
							<param name="S" type="float" />
							<param name="T" type="float" />
						</accessor>
					</technique_common>
				</source>
				<vertices id="meshId0-vertices">
					<input semantic="POSITION" source="#meshId0-positions" />
				</vertices>
				<polylist count="1260" material="defaultMaterial">
					<input offset="0" semantic="VERTEX" source="#meshId0-vertices" />
					<input offset="0" semantic="NORMAL" source="#meshId0-normals" />
					<input offset="0" semantic="TANGENT" source="#meshId0-tangents" />
					<input offset="0" semantic="BINORMAL" source="#meshId0-bitangents" />
					<input offset="0" semantic="TEXCOORD" source="#meshId0-tex0" set="0" />
					<vcount>
						3 3 3 3 3 3 3 3 3 3 3 3 3 3 3 3 3 3 3 3 3 3 3 3 3 3 3 3 3 3 3 3 3 3 3 3 3 3 3 3 3 3 3 3 3 3 3 3 3 3 3 3 3 3 3 3 3 3 3 3 3 3 3 3 
						3 3 3 3 3 3 3 3 3 3 3 3 3 3 3 3 3 3 3 3 3 3 3 3 3 3 3 3 3 3 3 3 3 3 3 3 3 3 3 3 3 3 3 3 3 3 3 3 3 3 3 3 3 3 3 3 3 3 3 3 3 3 3 3 
						3 3 3 3 3 3 3 3 3 3 3 3 3 3 3 3 3 3 3 3 3 3 3 3 3 3 3 3 3 3 3 3 3 3 3 3 3 3 3 3 3 3 3 3 3 3 3 3 3 3 3 3 3 3 3 3 3 3 3 3 3 3 3 3 
						3 3 3 3 3 3 3 3 3 3 3 3 3 3 3 3 3 3 3 3 3 3 3 3 3 3 3 3 3 3 3 3 3 3 3 3 3 3 3 3 3 3 3 3 3 3 3 3 3 3 3 3 3 3 3 3 3 3 3 3 3 3 3 3 
						3 3 3 3 3 3 3 3 3 3 3 3 3 3 3 3 3 3 3 3 3 3 3 3 3 3 3 3 3 3 3 3 3 3 3 3 3 3 3 3 3 3 3 3 3 3 3 3 3 3 3 3 3 3 3 3 3 3 3 3 3 3 3 3 
						3 3 3 3 3 3 3 3 3 3 3 3 3 3 3 3 3 3 3 3 3 3 3 3 3 3 3 3 3 3 3 3 3 3 3 3 3 3 3 3 3 3 3 3 3 3 3 3 3 3 3 3 3 3 3 3 3 3 3 3 3 3 3 3 
						3 3 3 3 3 3 3 3 3 3 3 3 3 3 3 3 3 3 3 3 3 3 3 3 3 3 3 3 3 3 3 3 3 3 3 3 3 3 3 3 3 3 3 3 3 3 3 3 3 3 3 3 3 3 3 3 3 3 3 3 3 3 3 3 
						3 3 3 3 3 3 3 3 3 3 3 3 3 3 3 3 3 3 3 3 3 3 3 3 3 3 3 3 3 3 3 3 3 3 3 3 3 3 3 3 3 3 3 3 3 3 3 3 3 3 3 3 3 3 3 3 3 3 3 3 3 3 3 3 
						3 3 3 3 3 3 3 3 3 3 3 3 3 3 3 3 3 3 3 3 3 3 3 3 3 3 3 3 3 3 3 3 3 3 3 3 3 3 3 3 3 3 3 3 3 3 3 3 3 3 3 3 3 3 3 3 3 3 3 3 3 3 3 3 
						3 3 3 3 3 3 3 3 3 3 3 3 3 3 3 3 3 3 3 3 3 3 3 3 3 3 3 3 3 3 3 3 3 3 3 3 3 3 3 3 3 3 3 3 3 3 3 3 3 3 3 3 3 3 3 3 3 3 3 3 3 3 3 3 
						3 3 3 3 3 3 3 3 3 3 3 3 3 3 3 3 3 3 3 3 3 3 3 3 3 3 3 3 3 3 3 3 3 3 3 3 3 3 3 3 3 3 3 3 3 3 3 3 3 3 3 3 3 3 3 3 3 3 3 3 3 3 3 3 
						3 3 3 3 3 3 3 3 3 3 3 3 3 3 3 3 3 3 3 3 3 3 3 3 3 3 3 3 3 3 3 3 3 3 3 3 3 3 3 3 3 3 3 3 3 3 3 3 3 3 3 3 3 3 3 3 3 3 3 3 3 3 3 3 
						3 3 3 3 3 3 3 3 3 3 3 3 3 3 3 3 3 3 3 3 3 3 3 3 3 3 3 3 3 3 3 3 3 3 3 3 3 3 3 3 3 3 3 3 3 3 3 3 3 3 3 3 3 3 3 3 3 3 3 3 3 3 3 3 
						3 3 3 3 3 3 3 3 3 3 3 3 3 3 3 3 3 3 3 3 3 3 3 3 3 3 3 3 3 3 3 3 3 3 3 3 3 3 3 3 3 3 3 3 3 3 3 3 3 3 3 3 3 3 3 3 3 3 3 3 3 3 3 3 
						3 3 3 3 3 3 3 3 3 3 3 3 3 3 3 3 3 3 3 3 3 3 3 3 3 3 3 3 3 3 3 3 3 3 3 3 3 3 3 3 3 3 3 3 3 3 3 3 3 3 3 3 3 3 3 3 3 3 3 3 3 3 3 3 
						3 3 3 3 3 3 3 3 3 3 3 3 3 3 3 3 3 3 3 3 3 3 3 3 3 3 3 3 3 3 3 3 3 3 3 3 3 3 3 3 3 3 3 3 3 3 3 3 3 3 3 3 3 3 3 3 3 3 3 3 3 3 3 3 
						3 3 3 3 3 3 3 3 3 3 3 3 3 3 3 3 3 3 3 3 3 3 3 3 3 3 3 3 3 3 3 3 3 3 3 3 3 3 3 3 3 3 3 3 3 3 3 3 3 3 3 3 3 3 3 3 3 3 3 3 3 3 3 3 
						3 3 3 3 3 3 3 3 3 3 3 3 3 3 3 3 3 3 3 3 3 3 3 3 3 3 3 3 3 3 3 3 3 3 3 3 3 3 3 3 3 3 3 3 3 3 3 3 3 3 3 3 3 3 3 3 3 3 3 3 3 3 3 3 
						3 3 3 3 3 3 3 3 3 3 3 3 3 3 3 3 3 3 3 3 3 3 3 3 3 3 3 3 3 3 3 3 3 3 3 3 3 3 3 3 3 3 3 3 3 3 3 3 3 3 3 3 3 3 3 3 3 3 3 3 3 3 3 3 
						3 3 3 3 3 3 3 3 3 3 3 3 3 3 3 3 3 3 3 3 3 3 3 3 3 3 3 3 3 3 3 3 3 3 3 3 3 3 3 3 3 3 3 3 
					</vcount>
					<p>
						3 0 1 1 2 3 7 4 5 5 6 7 11 8 9 9 10 11 15 12 13 13 14 15 19 16 17 17 18 19 23 20 21 21 22 23 27 24 25 25 26 27 31 28 29 29 30 31 26 32 33 33 34 26 38 35 36 36 37 38 41 37 39 39 40 41 42 27 26 26 34 42 46 43 44 44 45 46 47 38 37 37 41 47 50 18 48 48 49 50 51 48 18 18 17 51 52 32 26 26 25 52 53 39 37 37 36 53 55 23 22 22 54 55 56 19 18 18 50 56 31 30 57 57 58 31 62 59 60 60 61 62 66 63 64 64 65 66 70 67 68 68 69 70 73 71 10 10 72 73 77 74 75 75 76 77 81 78 79 79 80 81 85 82 83 83 84 85 89 86 87 87 88 89 92 90 15 15 91 92 96 93 94 94 95 96 100 97 98 98 99 100 
						104 101 102 102 103 104 49 48 105 105 106 49 48 51 107 107 105 48 111 108 109 109 110 111 115 112 113 113 114 115 106 116 117 117 118 106 122 119 120 120 121 122 126 123 124 124 125 126 128 126 125 125 127 128 131 122 129 129 130 131 135 132 133 133 134 135 139 136 137 137 138 139 142 140 141 141 55 142 144 143 35 35 38 144 108 145 146 146 109 108 150 147 148 148 149 150 154 151 152 152 153 154 56 155 156 156 157 56 159 150 149 149 158 159 162 160 7 7 161 162 166 163 164 164 165 166 57 30 167 167 157 57 170 168 42 42 169 170 168 171 27 27 42 168 171 172 24 24 27 171 30 29 173 173 167 30 160 174 4 4 7 160 163 175 176 176 177 163 179 178 174 174 160 179 39 53 172 172 171 39 40 39 171 171 168 40 183 180 181 181 182 183 
						187 184 185 185 186 187 132 188 189 189 133 132 193 190 191 191 192 193 196 194 11 11 195 196 200 197 198 198 199 200 202 177 3 3 201 202 157 167 19 19 56 157 167 173 16 16 19 167 177 176 0 0 3 177 204 51 17 17 203 204 90 92 205 205 206 90 208 52 25 25 207 208 210 53 36 36 209 210 164 163 177 177 202 164 214 211 212 212 213 214 129 122 121 121 215 129 219 216 217 217 218 219 221 76 75 75 220 221 223 222 217 217 216 223 226 224 77 77 225 226 230 227 228 228 229 230 233 231 214 214 232 233 194 234 8 8 11 194 185 224 226 226 235 185 225 77 76 76 236 225 94 81 237 237 238 94 240 223 216 216 239 240 60 231 233 233 241 60 232 214 213 213 242 232 64 243 244 244 245 64 249 246 247 247 248 249 182 181 250 250 251 182 
						255 252 253 253 254 255 44 189 256 256 257 44 189 44 88 88 133 189 260 258 182 182 259 260 149 148 261 261 262 149 260 263 264 264 265 260 252 266 267 267 253 252 88 87 268 268 269 88 197 270 249 249 198 197 273 271 272 272 266 273 275 274 252 252 255 275 278 276 259 259 277 278 82 193 192 192 83 82 281 279 258 258 280 281 274 273 266 266 252 274 270 282 246 246 249 270 43 89 88 88 44 43 188 283 284 284 189 188 286 285 263 263 260 286 147 287 288 288 148 147 279 183 182 182 258 279 276 286 260 260 259 276 269 268 262 262 261 269 290 251 250 250 289 290 292 290 289 289 291 292 294 269 261 261 293 294 253 267 295 295 257 253 248 247 296 296 265 248 297 248 265 265 264 297 254 253 257 257 256 254 199 198 297 297 264 199 134 133 294 294 293 134 
						280 258 296 296 247 280 266 272 295 295 267 266 198 249 248 248 297 198 133 88 269 269 294 133 148 288 293 293 261 148 158 149 262 262 268 158 277 259 290 290 292 277 189 284 254 254 256 189 45 44 257 257 295 45 84 83 289 289 250 84 259 182 251 251 290 259 192 191 292 292 291 192 258 260 265 265 296 258 83 192 291 291 289 83 300 298 67 67 299 300 304 301 302 302 303 304 308 305 306 306 307 308 312 309 310 310 311 312 314 312 311 311 313 314 318 315 316 316 317 318 320 304 303 303 319 320 324 321 322 322 323 324 301 324 323 323 302 301 326 308 307 307 325 326 321 327 328 328 322 321 327 329 330 330 328 327 332 318 317 317 331 332 305 333 334 334 306 305 315 335 336 336 316 315 335 337 338 338 336 335 337 339 340 340 338 337 338 340 341 341 342 338 
						336 338 342 342 343 336 307 306 344 344 345 307 303 302 346 346 347 303 311 310 348 348 349 311 313 311 349 349 350 313 319 303 347 347 351 319 302 323 352 352 346 302 323 322 353 353 352 323 322 328 354 354 353 322 331 317 355 355 356 331 328 330 357 357 354 328 316 336 343 343 358 316 306 334 359 359 344 306 363 360 361 361 362 363 367 364 365 365 366 367 371 368 369 369 370 371 375 372 373 373 374 375 379 376 377 377 378 379 371 380 381 381 382 371 375 376 383 383 384 375 368 371 382 382 385 368 388 385 386 386 387 388 391 384 389 389 390 391 363 362 388 388 392 363 372 375 384 384 391 372 362 368 385 385 388 362 379 393 394 394 395 379 376 379 395 395 383 376 397 387 386 386 396 397 399 390 389 389 398 399 383 395 399 399 398 383 385 382 396 396 386 385 
						384 383 398 398 389 384 382 381 400 400 396 382 392 388 387 387 397 392 402 314 313 313 401 402 317 316 358 358 355 317 405 403 404 404 137 405 325 307 345 345 406 325 409 407 333 333 408 409 411 410 154 154 153 411 415 412 413 413 414 415 417 392 397 397 416 417 364 418 419 419 365 364 366 420 421 421 367 366 424 390 422 422 423 424 418 425 426 426 419 418 420 427 428 428 421 420 432 429 430 430 431 432 237 81 80 80 433 237 244 243 434 434 435 244 438 436 136 136 437 438 429 407 439 439 430 429 90 440 12 12 15 90 101 100 99 99 102 101 441 144 38 38 47 441 445 442 443 443 444 445 97 146 145 145 98 97 114 113 446 446 447 114 80 79 448 448 444 80 451 449 450 450 415 451 141 452 23 23 55 141 453 391 390 390 424 453 397 396 400 400 416 397 
						454 363 392 392 417 454 455 372 391 391 453 455 395 394 456 456 399 395 401 313 350 350 457 401 459 331 356 356 458 459 460 332 331 331 459 460 462 461 223 223 240 462 464 463 298 298 300 464 441 47 227 227 230 441 118 117 140 140 142 118 466 104 103 103 465 466 105 107 467 467 468 105 106 105 468 468 116 106 470 114 447 447 469 470 121 120 471 471 472 121 125 124 473 473 474 125 127 125 474 474 475 127 215 121 472 472 476 215 229 228 127 127 475 229 452 477 20 20 23 452 400 381 420 420 366 400 453 424 367 367 421 453 390 399 478 478 422 390 416 400 366 366 365 416 394 393 425 425 418 394 454 417 419 419 426 454 381 380 427 427 420 381 455 453 421 421 428 455 456 394 418 418 364 456 417 416 365 365 419 417 359 334 429 429 432 359 401 457 431 431 430 401 
						357 330 154 154 410 357 459 458 411 411 153 459 334 333 407 407 429 334 402 401 430 430 439 402 330 329 151 151 154 330 460 459 153 153 152 460 461 462 442 442 445 461 433 80 444 444 443 433 117 116 146 146 97 117 441 230 98 98 145 441 140 117 97 97 100 140 230 229 99 99 98 230 440 90 206 206 479 440 447 446 480 480 481 447 143 144 108 108 111 143 468 467 110 110 109 468 144 441 145 145 108 144 116 468 109 109 146 116 483 461 445 445 482 483 469 447 481 481 484 469 477 452 104 104 466 477 474 473 465 465 103 474 452 141 101 101 104 452 475 474 103 103 102 475 141 140 100 100 101 141 229 475 102 102 99 229 479 206 481 481 480 479 487 434 485 485 486 487 489 402 439 439 488 489 463 490 491 491 492 463 493 451 415 415 414 493 136 436 405 405 137 136 
						196 494 495 495 194 196 482 445 444 444 448 482 461 483 222 222 223 461 463 492 496 496 298 463 206 205 484 484 481 206 498 451 493 493 497 498 111 499 500 500 143 111 467 501 502 502 110 467 504 476 472 472 503 504 91 15 14 14 505 91 185 184 506 506 224 185 94 93 78 78 81 94 507 115 114 114 470 507 510 508 2 2 509 510 201 3 2 2 508 201 312 511 512 512 309 312 326 513 514 514 308 326 518 515 516 516 517 518 520 29 28 28 519 520 524 521 522 522 523 524 243 525 485 485 434 243 528 179 526 526 527 528 60 59 529 529 231 60 231 529 211 211 214 231 64 63 525 525 243 64 531 115 507 507 530 531 224 506 74 74 77 224 533 505 14 14 532 533 161 7 6 6 534 161 298 496 68 68 67 298 536 534 6 6 535 536 538 213 212 212 537 538 
						195 11 10 10 71 195 494 196 492 492 491 494 502 501 489 489 488 502 436 438 497 497 493 436 448 79 469 469 484 448 205 92 483 483 482 205 485 525 215 215 476 485 79 78 470 470 469 79 484 205 482 482 448 484 405 436 493 493 414 405 403 405 414 414 413 403 500 499 409 409 408 500 476 504 486 486 485 476 505 533 218 218 217 505 93 96 530 530 507 93 63 66 130 130 129 63 514 513 210 210 209 514 522 521 208 208 207 522 516 515 520 520 519 516 512 511 204 204 203 512 496 492 196 196 195 496 525 63 129 129 215 525 78 93 507 507 470 78 222 483 92 92 91 222 217 222 91 91 505 217 534 539 540 540 161 534 68 496 195 195 71 68 515 541 542 542 520 515 71 73 69 69 68 71 526 179 160 160 162 526 184 543 544 544 506 184 548 545 546 546 547 548 
						542 541 549 549 550 542 549 512 203 203 550 549 74 551 552 552 75 74 161 540 553 553 162 161 162 553 554 554 526 162 506 544 551 551 74 506 202 201 555 555 556 202 211 529 557 557 558 211 559 212 211 211 558 559 547 210 513 513 548 547 508 560 555 555 201 508 545 522 207 207 546 545 561 164 202 202 556 561 59 562 557 557 529 59 566 563 564 564 565 566 563 567 568 568 564 563 364 367 569 569 570 364 456 364 570 570 571 456 399 456 571 571 478 399 367 424 423 423 569 367 573 564 568 568 572 573 564 573 574 574 565 564 576 575 573 573 572 576 578 577 565 565 574 578 575 579 574 574 573 575 581 580 572 572 568 581 585 582 583 583 584 585 587 585 584 584 586 587 589 587 586 586 588 589 591 589 588 588 590 591 595 592 593 593 594 595 597 595 594 594 596 597 
						599 597 596 596 598 599 601 599 598 598 600 601 603 601 600 600 602 603 605 603 602 602 604 605 607 605 604 604 606 607 609 607 606 606 608 609 611 609 608 608 610 611 613 611 610 610 612 613 615 613 612 612 614 615 582 615 614 614 583 582 616 617 618 617 619 618 619 620 618 620 621 618 621 622 618 622 623 618 623 624 618 624 625 618 625 626 618 626 627 618 627 628 618 628 629 618 629 630 618 630 631 618 631 632 618 632 616 618 633 634 635 634 636 635 636 637 635 637 638 635 638 639 635 639 640 635 640 641 635 641 642 635 642 643 635 643 644 635 644 645 635 645 646 635 646 647 635 647 648 635 648 649 635 649 633 635 653 650 651 651 652 653 655 653 652 652 654 655 657 655 654 654 656 657 661 658 659 659 660 661 663 661 660 660 662 663 665 663 662 662 664 665 
						667 665 664 664 666 667 669 667 666 666 668 669 671 669 668 668 670 671 673 671 670 670 672 673 675 673 672 672 674 675 677 675 674 674 676 677 679 677 676 676 678 679 681 679 678 678 680 681 683 681 680 680 682 683 650 683 682 682 651 650 684 685 686 685 687 686 687 688 686 688 689 686 689 690 686 690 691 686 691 692 686 692 693 686 693 694 686 694 695 686 695 696 686 696 697 686 697 698 686 698 699 686 699 700 686 700 684 686 701 702 703 702 704 703 704 705 703 705 706 703 706 707 703 707 708 703 708 709 703 709 710 703 710 711 703 711 712 703 712 713 703 713 714 703 714 715 703 715 716 703 716 717 703 717 701 703 721 718 719 719 720 721 723 721 720 720 722 723 725 723 722 722 724 725 727 725 724 724 726 727 731 728 729 729 730 731 733 731 730 730 732 733 
						735 733 732 732 734 735 737 735 734 734 736 737 739 737 736 736 738 739 741 739 738 738 740 741 743 741 740 740 742 743 745 743 742 742 744 745 747 745 744 744 746 747 749 747 746 746 748 749 751 749 748 748 750 751 718 751 750 750 719 718 752 753 754 753 755 754 755 756 754 756 757 754 757 758 754 758 759 754 759 760 754 760 761 754 761 762 754 762 763 754 763 764 754 764 765 754 765 766 754 766 767 754 767 768 754 768 752 754 769 770 771 770 772 771 772 773 771 773 774 771 774 775 771 775 776 771 776 777 771 777 778 771 778 779 771 779 780 771 780 781 771 781 782 771 782 783 771 783 784 771 784 785 771 785 769 771 789 786 787 787 788 789 791 789 788 788 790 791 793 791 790 790 792 793 795 793 792 792 794 795 797 795 794 794 796 797 801 798 799 799 800 801 
						803 801 800 800 802 803 805 803 802 802 804 805 807 805 804 804 806 807 809 807 806 806 808 809 811 809 808 808 810 811 813 811 810 810 812 813 815 813 812 812 814 815 817 815 814 814 816 817 819 817 816 816 818 819 786 819 818 818 787 786 823 820 821 821 822 823 827 824 825 825 826 827 831 828 829 829 830 831 833 832 820 820 823 833 837 834 835 835 836 837 841 838 839 839 840 841 845 842 843 843 844 845 822 821 846 846 847 822 826 825 848 848 849 826 830 829 850 850 851 830 836 835 824 824 827 836 840 839 828 828 831 840 844 843 832 832 833 844 847 846 834 834 837 847 849 848 838 838 841 849 851 850 842 842 845 851 855 852 853 853 854 855 859 856 857 857 858 859 854 853 860 860 861 854 858 857 862 862 863 858 861 860 864 864 865 861 863 862 866 866 867 863 
						865 864 868 868 869 865 867 866 870 870 871 867 869 868 872 872 873 869 871 870 874 874 875 871 873 872 876 876 877 873 875 874 878 878 879 875 883 880 881 881 882 883 877 876 880 880 883 877 879 878 852 852 855 879 882 881 856 856 859 882 884 885 886 885 887 886 887 888 886 888 889 886 889 890 886 890 891 886 891 892 886 892 893 886 893 894 886 894 895 886 895 896 886 896 897 886 897 898 886 898 899 886 899 900 886 900 884 886 904 901 902 902 903 904 908 905 906 906 907 908 910 909 908 908 907 910 914 911 912 912 913 914 918 915 916 916 917 918 912 915 918 918 913 912 920 917 916 916 919 920 922 921 904 904 903 922 920 923 906 906 917 920 916 901 924 924 919 916 902 915 912 912 925 902 918 905 926 926 913 918 927 914 913 913 926 927 923 920 928 928 929 923 
						919 924 930 930 931 919 925 912 911 911 932 925 931 928 920 920 919 931 901 916 915 915 902 901 905 918 917 917 906 905 936 933 934 934 935 936 935 934 937 937 938 935 938 937 939 939 940 938 940 939 941 941 942 940 942 941 943 943 944 942 944 943 945 945 946 944 946 945 947 947 948 946 948 947 949 949 950 948 954 951 952 952 953 954 958 955 956 956 957 958 960 959 958 958 957 960 964 961 962 962 963 964 968 965 966 966 967 968 962 965 968 968 963 962 970 967 966 966 969 970 972 971 954 954 953 972 970 973 956 956 967 970 966 951 974 974 969 966 952 965 962 962 975 952 968 955 976 976 963 968 977 964 963 963 976 977 973 970 978 978 979 973 969 974 980 980 981 969 975 962 961 961 982 975 981 978 970 970 969 981 951 966 965 965 952 951 955 968 967 967 956 955 
						986 983 984 984 985 986 983 987 988 988 989 983 993 990 991 991 992 993 995 994 990 990 993 995 999 996 997 997 998 999 1000 984 983 983 989 1000 1002 984 1000 1000 1001 1002 987 983 986 986 1003 987 994 1004 1005 1005 1006 994 1005 1007 1008 1008 1009 1005 1013 1010 1011 1011 1012 1013 1000 989 1011 1011 1010 1000 1017 1014 1015 1015 1016 1017 1021 1018 1019 1019 1020 1021 1023 1017 1016 1016 1022 1023 1025 1024 1017 1017 1023 1025 994 995 1026 1026 1004 994 1027 1007 1005 1005 1004 1027 1028 985 984 984 1002 1028 1025 1006 1005 1005 1009 1025 994 1006 1029 1029 990 994 991 990 1029 1029 1030 991 1032 995 993 993 1031 1032 1031 993 992 992 1033 1031 1032 1031 1034 1034 1035 1032 1036 1011 989 989 988 1036 1037 1012 1011 1011 1036 1037 1018 1038 1039 1039 1019 1018 1043 1040 1041 1041 1042 1043 1044 1019 1039 1039 1001 1044 1045 1020 1019 1019 1044 1045 996 1037 1036 1036 1043 996 
						1043 1036 988 988 1040 1043 996 1043 1042 1042 997 996 1033 1046 1034 1034 1031 1033 1006 1025 1023 1023 1029 1006 1029 1023 1022 1022 1030 1029 1047 1037 996 996 999 1047 1033 999 998 998 1046 1033 1049 1021 1020 1020 1048 1049 992 1047 999 999 1033 992 1030 1050 1051 1051 991 1030 1052 1045 1013 1013 1050 1052 1050 1013 1012 1012 1051 1050 1022 1052 1050 1050 1030 1022 1051 1012 1037 1037 1047 1051 991 1051 1047 1047 992 991 1015 1049 1048 1048 1016 1015 1048 1020 1045 1045 1052 1048 1016 1048 1052 1052 1022 1016 1053 1014 1017 1017 1024 1053 1026 1054 1027 1027 1004 1026 1013 1045 1044 1044 1010 1013 1010 1044 1001 1001 1000 1010 
					</p>
				</polylist>
			</mesh>
		</geometry>
		<geometry id="meshId1" name="meshId1_name" >
			<mesh>
				<source id="meshId1-positions" name="meshId1-positions">
					<float_array id="meshId1-positions-array" count="540"> 
						-1.658849 -0.602206 2.285575 -1.481750 -0.598438 2.271825 -1.810894 -0.513642 1.962306 -1.824894 -0.558332 2.125432 -1.318896 -0.565120 2.150208 1.322111 -0.565120 2.150208 1.279714 -0.649202 2.093229 -1.276616 -0.649202 2.093229 -1.810894 -0.078107 0.372541 -1.481750 0.008861 0.055095 -1.658849 0.012560 0.041593 -1.824894 -0.031313 0.201736 1.485416 0.008861 0.055095 1.806341 -0.078107 0.372541 1.820598 -0.031313 0.201736 1.654554 0.012560 0.041593 1.806341 -0.513642 1.962306 1.485416 -0.598438 2.271825 1.654554 -0.602206 2.285575 1.820598 -0.558332 2.125432 -1.318896 -0.024577 0.177148 1.322111 -0.024577 0.177148 1.607758 -0.101985 0.459699 1.607758 -0.489645 1.874712 -1.611859 -0.101985 0.459699 -1.611859 -0.489645 1.874712 -1.560187 -0.576146 1.826566 -1.560187 -0.200916 0.456922 1.279714 -0.125990 0.183429 1.556203 -0.200916 0.456922 -1.276616 -0.125990 0.183429 1.556203 -0.576146 1.826566 -1.736760 -0.492370 1.386641 -1.736760 -0.631601 1.894855 -1.810894 -0.574693 1.945580 -1.810894 -0.429515 1.415658 1.424519 -0.712924 2.191695 1.586728 -0.716537 2.204883 1.654554 -0.663256 2.268850 1.485416 -0.659489 2.255099 -1.750187 -0.674461 2.051299 -1.590944 -0.716537 2.204883 -1.658849 -0.663256 2.268850 -1.824894 -0.619383 2.108706 -1.590944 -0.716537 2.204883 -1.421100 -0.712924 2.191695 -1.481750 -0.659489 2.255099 -1.658849 -0.663256 2.268850 1.745970 -0.169031 0.206406 1.586728 -0.126955 0.052823 1.654554 -0.048491 0.024867 1.820598 -0.092364 0.185011 -1.750187 -0.674461 2.051299 -1.824894 -0.619383 2.108706 -1.590944 -0.126955 0.052823 -1.750187 -0.169031 0.206406 -1.824894 -0.092364 0.185011 -1.658849 -0.048491 0.024867 -1.750187 -0.169031 0.206406 -1.736760 -0.213908 0.370214 -1.810894 -0.139158 0.355815 -1.824894 -0.092364 0.185011 1.586728 -0.716537 2.204883 1.745970 -0.674461 2.051299 
						1.820598 -0.619383 2.108706 1.654554 -0.663256 2.268850 -1.421100 -0.130503 0.065772 -1.590944 -0.126955 0.052823 -1.658849 -0.048491 0.024867 -1.481750 -0.052190 0.038369 1.424519 -0.130503 0.065772 -1.421100 -0.130503 0.065772 -1.481750 -0.052190 0.038369 1.485416 -0.052190 0.038369 1.586728 -0.126955 0.052823 1.424519 -0.130503 0.065772 1.485416 -0.052190 0.038369 1.654554 -0.048491 0.024867 1.732297 -0.213908 0.370214 1.745970 -0.169031 0.206406 1.820598 -0.092364 0.185011 1.806341 -0.139158 0.355815 1.732297 -0.353139 0.878428 1.806341 -0.284336 0.885737 1.745970 -0.674461 2.051299 1.732297 -0.631601 1.894855 1.806341 -0.574693 1.945580 1.820598 -0.619383 2.108706 1.806341 -0.513642 1.962306 1.820598 -0.558332 2.125432 1.806341 -0.078107 0.372541 1.806341 -0.223286 0.902462 1.654554 -0.602206 2.285575 1.485416 -0.598438 2.271825 -1.810894 -0.513642 1.962306 -1.810894 -0.368464 1.432384 -1.658849 -0.602206 2.285575 -1.824894 -0.558332 2.125432 -1.481750 -0.598438 2.271825 -1.658849 -0.602206 2.285575 -1.824894 -0.558332 2.125432 1.654554 0.012560 0.041593 1.820598 -0.031313 0.201736 -1.810894 -0.078107 0.372541 -1.824894 -0.031313 0.201736 -1.824894 -0.031313 0.201736 -1.658849 0.012560 0.041593 -1.658849 0.012560 0.041593 -1.481750 0.008861 0.055095 1.820598 -0.558332 2.125432 1.654554 -0.602206 2.285575 1.485416 0.008861 0.055095 1.654554 0.012560 0.041593 1.820598 -0.031313 0.201736 1.732297 -0.213908 0.370214 1.424519 -0.130503 0.065772 1.523449 -0.242150 0.093255 1.677338 -0.283853 0.245476 1.424519 -0.771948 1.413697 1.732297 -0.492370 1.386641 1.732297 -0.631601 1.894855 1.586728 -0.716537 2.204883 1.424519 -0.712924 2.191695 1.523449 -0.795252 2.112156 1.604553 -0.797058 2.118750 1.424519 -0.712924 2.191695 1.732297 -0.631601 1.894855 1.677338 -0.754590 1.963736 
						-1.421100 -0.577808 0.705056 -1.736760 -0.353139 0.878428 -1.736760 -0.213908 0.370214 1.732297 -0.631601 1.894855 1.745970 -0.674461 2.051299 1.684175 -0.776020 2.041958 -1.421100 -0.771948 1.413697 1.424519 -0.577808 0.705056 1.732297 -0.213908 0.370214 1.732297 -0.353139 0.878428 -1.736760 -0.631601 1.894855 -1.736760 -0.492370 1.386641 -1.810894 -0.284336 0.885737 -1.810894 -0.223286 0.902462 1.806341 -0.429515 1.415658 1.806341 -0.368464 1.432384 1.732297 -0.492370 1.386641 -1.736760 -0.353139 0.878428 -1.607846 -0.797058 2.118750 -1.687467 -0.776020 2.041958 -1.680754 -0.754590 1.963736 -1.522924 -0.795252 2.112156 1.604553 -0.240376 0.086780 1.684175 -0.261414 0.163572 -1.522924 -0.242150 0.093255 -1.680754 -0.283853 0.245476 -1.687467 -0.261414 0.163572 -1.607846 -0.240376 0.086780 -1.590944 -0.716537 2.204883 -1.750187 -0.674461 2.051299 -1.421100 -0.712924 2.191695 -1.590944 -0.716537 2.204883 -1.736760 -0.631601 1.894855 -1.421100 -0.712924 2.191695 -1.750187 -0.674461 2.051299 -1.736760 -0.631601 1.894855 1.586728 -0.126955 0.052823 1.745970 -0.169031 0.206406 -1.421100 -0.130503 0.065772 -1.736760 -0.213908 0.370214 -1.736760 -0.213908 0.370214 -1.750187 -0.169031 0.206406 -1.750187 -0.169031 0.206406 -1.590944 -0.126955 0.052823 -1.590944 -0.126955 0.052823 -1.421100 -0.130503 0.065772 1.745970 -0.674461 2.051299 1.586728 -0.716537 2.204883 1.424519 -0.130503 0.065772 1.586728 -0.126955 0.052823 1.745970 -0.169031 0.206406 1.732297 -0.213908 0.370214 
					</float_array>
					<technique_common>
						<accessor count="180" offset="0" source="#meshId1-positions-array" stride="3">
							<param name="X" type="float" />
							<param name="Y" type="float" />
							<param name="Z" type="float" />
						</accessor>
					</technique_common>
				</source>
				<source id="meshId1-normals" name="meshId1-normals">
					<float_array id="meshId1-normals-array" count="540"> 
						0.000000 0.964467 0.264204 0.000000 0.964467 0.264204 0.000000 0.964467 0.264204 0.000000 0.964467 0.264204 0.178660 0.975457 -0.128700 -0.180061 0.975684 -0.124974 -0.196754 0.911595 -0.360945 0.193368 0.912089 -0.361527 0.000000 0.964467 0.264204 0.000000 0.964467 0.264204 0.000000 0.964467 0.264204 0.000000 0.964467 0.264204 0.000000 0.964467 0.264204 0.000000 0.964467 0.264204 0.000000 0.964467 0.264204 0.000000 0.964467 0.264204 0.000000 0.964467 0.264204 0.000000 0.964467 0.264204 0.000000 0.964467 0.264204 0.000000 0.964467 0.264204 0.179882 0.775838 0.604746 -0.181251 0.777925 0.601648 -0.364062 0.846965 0.387440 -0.361319 0.927362 0.097204 0.361195 0.847548 0.388845 0.358445 0.928569 0.096318 0.534452 0.845198 0.000824 0.535099 0.729325 0.426327 -0.200268 0.600560 0.774093 -0.536034 0.730897 0.422442 0.196877 0.600673 0.774875 -0.535397 0.844586 0.004975 -0.627853 -0.759881 -0.168469 -0.569951 -0.781420 -0.254044 -0.915712 -0.374537 -0.145579 -0.915848 -0.387257 -0.106084 -0.041293 -0.927973 0.370353 0.182507 -0.772666 0.608012 0.350846 -0.577388 0.737246 -0.048281 -0.524101 0.850287 -0.713630 -0.699835 0.031038 -0.184948 -0.773334 0.606423 -0.352250 -0.577542 0.736454 -0.861349 -0.463101 0.208844 -0.184948 -0.773334 0.606423 0.038118 -0.928851 0.368488 0.046054 -0.524908 0.849912 -0.352250 -0.577542 0.736454 0.714841 -0.583885 -0.384811 0.182779 -0.358294 -0.915542 0.351332 -0.121373 -0.928350 0.860965 -0.291759 -0.416673 -0.713630 -0.699835 0.031038 -0.861349 -0.463101 0.208844 -0.185160 -0.359638 -0.914536 -0.712657 -0.586124 -0.385459 -0.860673 -0.291825 -0.417229 -0.352712 -0.121894 -0.927758 -0.712657 -0.586124 -0.385459 -0.570314 -0.800735 -0.183207 -0.915733 -0.396080 -0.067478 -0.860673 -0.291825 -0.417229 0.182507 -0.772666 0.608012 0.715805 -0.697585 0.031588 
						0.861656 -0.462736 0.208387 0.350846 -0.577388 0.737246 0.039004 -0.611189 -0.790523 -0.185160 -0.359638 -0.914536 -0.352712 -0.121894 -0.927758 0.045199 -0.019196 -0.998794 -0.042178 -0.609478 -0.791680 0.039004 -0.611189 -0.790523 0.045199 -0.019196 -0.998794 -0.047366 -0.018342 -0.998709 0.182779 -0.358294 -0.915542 -0.042178 -0.609478 -0.791680 -0.047366 -0.018342 -0.998709 0.351332 -0.121373 -0.928350 0.573873 -0.798246 -0.182959 0.714841 -0.583885 -0.384811 0.860965 -0.291759 -0.416673 0.915846 -0.395954 -0.066684 0.633764 -0.735302 -0.240156 0.915960 -0.387009 -0.106022 0.715805 -0.697585 0.031588 0.573453 -0.779182 -0.253034 0.915820 -0.374013 -0.146248 0.861656 -0.462736 0.208387 0.999117 0.011078 -0.040529 0.939156 -0.090763 0.331282 0.999195 -0.010590 0.038698 1.000000 0.000000 0.000000 0.343493 -0.248151 0.905778 -0.042025 -0.263990 0.963609 -0.999148 0.010895 -0.039796 -1.000000 0.000000 0.000000 -0.345269 -0.247972 0.905151 -0.938890 -0.090947 0.331987 0.040132 -0.263987 0.963691 -0.345269 -0.247972 0.905151 -0.938890 -0.090947 0.331987 0.344223 0.248058 -0.905526 0.938504 0.091223 -0.332998 -0.999223 -0.010407 0.038027 -0.938250 0.091405 -0.333666 -0.938250 0.091405 -0.333666 -0.345932 0.247905 -0.904917 -0.345932 0.247905 -0.904917 0.039431 0.264023 -0.963710 0.939156 -0.090763 0.331282 0.343493 -0.248151 0.905778 -0.041262 0.263991 -0.963642 0.344223 0.248058 -0.905526 0.938504 0.091223 -0.332998 0.573873 -0.798246 -0.182959 -0.042178 -0.609478 -0.791680 -0.533695 -0.787007 -0.309499 0.084905 -0.953791 0.288225 0.284868 -0.951809 -0.113624 0.632689 -0.756016 -0.167763 0.573453 -0.779182 -0.253034 0.182507 -0.772666 0.608012 -0.041293 -0.927973 0.370353 -0.535694 -0.833129 -0.137578 0.274917 -0.901385 0.334552 -0.041293 -0.927973 0.370353 0.573453 -0.779182 -0.253034 0.087407 -0.668493 -0.738565 
						-0.280223 -0.877993 -0.388076 -0.628904 -0.739016 -0.241527 -0.570314 -0.800735 -0.183207 0.573453 -0.779182 -0.253034 0.715805 -0.697585 0.031588 0.560841 -0.825834 0.058779 -0.279797 -0.953257 -0.114080 0.285295 -0.876517 -0.387718 0.573873 -0.798246 -0.182959 0.633764 -0.735302 -0.240156 -0.569951 -0.781420 -0.254044 -0.627853 -0.759881 -0.168469 -0.915848 -0.387257 -0.106084 -1.000000 0.000000 0.000000 0.915960 -0.387009 -0.106022 1.000000 0.000000 0.000000 0.632689 -0.756016 -0.167763 -0.628904 -0.739016 -0.241527 -0.273789 -0.902395 0.332752 -0.558018 -0.827811 0.057834 -0.090550 -0.669926 -0.736885 0.529994 -0.836192 -0.141029 0.274490 -0.607852 -0.745098 0.559378 -0.682247 -0.470782 0.528020 -0.791374 -0.308096 -0.088048 -0.954158 0.286058 -0.556557 -0.684435 -0.470949 -0.273362 -0.609625 -0.744063 -0.184948 -0.773334 0.606423 -0.713630 -0.699835 0.031038 0.038118 -0.928851 0.368488 -0.184948 -0.773334 0.606423 -0.569951 -0.781420 -0.254044 0.038118 -0.928851 0.368488 -0.713630 -0.699835 0.031038 -0.569951 -0.781420 -0.254044 0.182779 -0.358294 -0.915542 0.714841 -0.583885 -0.384811 0.039004 -0.611189 -0.790523 -0.570314 -0.800735 -0.183207 -0.570314 -0.800735 -0.183207 -0.712657 -0.586124 -0.385459 -0.712657 -0.586124 -0.385459 -0.185160 -0.359638 -0.914536 -0.185160 -0.359638 -0.914536 0.039004 -0.611189 -0.790523 0.715805 -0.697585 0.031588 0.182507 -0.772666 0.608012 -0.042178 -0.609478 -0.791680 0.182779 -0.358294 -0.915542 0.714841 -0.583885 -0.384811 0.573873 -0.798246 -0.182959 
					</float_array>
					<technique_common>
						<accessor count="180" offset="0" source="#meshId1-normals-array" stride="3">
							<param name="X" type="float" />
							<param name="Y" type="float" />
							<param name="Z" type="float" />
						</accessor>
					</technique_common>
				</source>
				<source id="meshId1-tangents" name="meshId1-tangents">
					<float_array id="meshId1-tangents-array" count="540"> 
						-0.025617 -0.264118 0.964150 -0.025446 -0.264119 0.964154 -0.027621 -0.264104 0.964099 -0.025617 -0.264118 0.964150 0.103109 0.111522 0.988398 -0.091772 0.109834 0.989704 -0.158917 0.333622 0.929216 0.152802 0.335989 0.929388 0.017509 -0.264164 0.964319 0.014941 -0.264175 0.964359 0.009143 -0.264193 0.964426 0.009144 -0.264193 0.964426 -0.014932 -0.264175 0.964359 -0.021836 -0.264141 0.964237 -0.011959 -0.264186 0.964398 -0.011959 -0.264186 0.964398 0.011662 -0.264186 0.964401 0.011722 -0.264186 0.964400 0.011465 -0.264187 0.964403 0.011468 -0.264187 0.964403 -0.102112 -0.596725 0.795922 0.117798 -0.590203 0.798614 0.052886 -0.396517 0.916503 -0.056923 -0.125990 0.990397 -0.060182 -0.394939 0.916734 0.042832 -0.119423 0.991919 0.077952 -0.050263 0.995689 -0.118539 -0.434841 0.892671 0.158251 -0.759896 0.630487 0.085284 -0.450963 0.888459 -0.173898 -0.756418 0.630549 -0.102457 -0.070793 0.992215 -0.777906 0.605475 0.168113 -0.820757 0.556062 0.130973 -0.399954 0.884525 0.240111 -0.401524 0.883460 0.241407 -0.033149 0.371737 0.927746 0.002729 0.618794 0.785548 0.078780 0.802699 0.591158 0.000201 0.851274 0.524721 0.489653 -0.530010 -0.692336 0.520348 -0.600531 -0.607125 0.296230 -0.815235 -0.497634 0.304288 -0.799509 -0.517875 -0.006120 0.617963 0.786184 0.028040 0.369605 0.928766 -0.001331 0.850782 0.525517 -0.082395 0.802971 0.590296 -0.487523 -0.810629 0.324347 -0.520976 -0.825034 0.218867 -0.296269 -0.955020 0.012737 -0.304121 -0.951871 0.038110 -0.687556 0.708218 0.160298 -0.403497 0.873426 0.272611 0.520745 -0.825132 0.219048 0.489438 -0.809068 0.325360 0.304213 -0.951837 0.038208 0.296301 -0.955009 0.012828 -0.688529 0.689641 0.224329 -0.820635 0.545626 0.169852 -0.400185 0.884141 0.241137 -0.402712 0.891586 0.207119 0.520590 0.600542 0.606906 0.487757 0.531844 0.692268 
						0.304179 0.799595 0.517807 0.296198 0.815294 0.497556 0.059626 0.791139 -0.608723 0.023772 0.928717 -0.370027 -0.060047 0.992384 -0.107557 0.020561 0.999621 -0.018282 0.007041 -0.792547 0.609770 -0.011584 -0.791349 0.611256 0.014844 -0.999692 0.019885 -0.015630 -0.999695 0.019101 -0.025496 0.929189 -0.368725 -0.062761 0.792437 -0.606716 -0.021454 0.999619 -0.017341 0.059464 0.992452 -0.107250 0.818160 0.549056 0.170738 0.685969 0.692392 0.223696 0.403619 0.890373 0.210541 0.399746 0.883478 0.244274 0.773125 0.612141 0.166016 0.401269 0.883209 0.242746 0.685663 0.710699 0.157398 0.818306 0.559523 0.131565 0.399762 0.883752 0.243255 0.401874 0.872907 0.276643 0.000562 0.961005 0.276531 -0.007361 0.958918 0.283587 0.000603 0.968389 0.249443 0.000000 0.964599 0.263722 0.017460 0.965981 0.258023 0.012947 0.964237 0.264726 -0.000662 0.960152 0.279479 0.000000 0.964298 0.264821 -0.000006 -0.964462 -0.264223 -0.000006 -0.964460 -0.264228 -0.010733 0.964298 0.264601 -0.016618 0.965926 0.258283 0.007906 0.958513 0.284940 -0.000007 -0.964466 -0.264206 -0.000005 -0.964462 -0.264223 -0.000468 0.967596 0.252502 0.007082 0.969338 0.245628 0.000006 -0.964462 -0.264223 0.000002 -0.964463 -0.264219 -0.000003 0.964463 0.264219 -0.000002 0.964460 0.264228 0.000002 0.964459 0.264231 -0.000004 0.964460 0.264229 -0.000005 0.964464 0.264216 0.000006 0.964466 0.264206 -0.007747 0.969787 0.243832 0.675363 0.334935 0.657041 -0.527261 0.686640 -0.500521 -0.712108 0.220819 0.666439 -0.601736 0.181478 0.777804 -0.008883 -0.121151 0.992594 0.006728 -0.211260 0.977407 0.128753 -0.219308 0.967123 -0.714345 -0.529117 -0.457980 -0.741706 -0.219888 -0.633658 -0.705615 0.531155 -0.469021 -0.615969 -0.432294 -0.658562 -0.514367 0.337520 0.788357 0.676066 0.624539 -0.391007 -0.592700 0.560998 -0.577917 
						-0.016185 -0.399894 0.916418 0.016735 -0.323447 0.946098 0.081085 -0.276825 0.957493 -0.561743 -0.149165 -0.813753 -0.346553 -0.394148 -0.851204 -0.520941 -0.407179 -0.750217 0.013853 -0.122822 0.992332 0.022487 -0.398298 0.916980 -0.075616 -0.274103 0.958723 -0.012887 -0.320463 0.947173 -0.125679 -0.222634 0.966767 -0.003534 -0.213664 0.976901 -0.401525 0.883476 0.241345 0.000000 0.964545 0.263918 0.401269 0.883229 0.242673 0.000000 0.964378 0.264527 0.773987 0.610204 0.169101 -0.777071 0.607587 0.164314 0.606823 -0.430492 -0.668163 0.513759 -0.399368 -0.759313 0.584408 0.563387 -0.584006 0.702221 0.526002 -0.479800 -0.626813 -0.700719 0.340733 -0.530662 -0.731055 0.428902 0.708825 0.210884 0.673123 0.593473 0.180393 0.784378 0.523602 -0.729073 0.440788 0.617765 -0.704183 0.349989 0.285620 -0.632730 -0.719773 0.579575 -0.614726 -0.534981 0.733339 -0.224489 -0.641731 0.704802 -0.534407 -0.466544 -0.668566 0.620762 -0.409481 0.519827 0.333365 0.786542 0.341890 -0.386617 -0.856527 0.556668 -0.139796 -0.818888 -0.308080 -0.905201 0.292742 -0.587334 -0.799978 0.122775 0.533244 0.681790 -0.500812 -0.667424 0.321703 0.671604 0.562535 -0.543256 0.623240 0.349096 -0.772911 0.529850 0.583309 -0.800348 0.138546 0.300638 -0.906739 0.295703 0.712479 -0.690082 0.127122 0.740522 -0.513490 0.433539 -0.583733 -0.622580 -0.521201 -0.292982 -0.633044 -0.716531 -0.748786 -0.505322 0.428917 -0.721909 -0.681074 0.122414 -0.353671 -0.776597 0.521358 -0.567491 -0.548690 0.613917 
					</float_array>
					<technique_common>
						<accessor count="180" offset="0" source="#meshId1-tangents-array" stride="3">
							<param name="X" type="float" />
							<param name="Y" type="float" />
							<param name="Z" type="float" />
						</accessor>
					</technique_common>
				</source>
				<source id="meshId1-bitangents" name="meshId1-bitangents">
					<float_array id="meshId1-bitangents-array" count="540"> 
						0.999672 -0.006768 0.024707 0.999676 -0.006723 0.024542 0.999618 -0.007298 0.026639 0.999672 -0.006768 0.024707 0.978493 -0.189857 -0.080654 0.979365 0.189676 0.069763 0.967488 0.240188 0.079226 0.969154 -0.234956 -0.074400 0.999847 0.004626 -0.016887 0.999888 0.003948 -0.014410 0.999958 0.002416 -0.008818 0.999958 0.002416 -0.008819 0.999889 -0.003945 0.014401 0.999762 -0.005769 0.021060 0.999928 -0.003160 0.011534 0.999929 -0.003160 0.011534 0.999932 0.003081 -0.011247 0.999931 0.003097 -0.011306 0.999934 0.003029 -0.011058 0.999934 0.003030 -0.011060 0.978374 -0.204924 -0.028118 0.976356 0.215623 0.015337 0.929872 0.354154 0.099564 0.930703 0.352316 0.098311 0.930546 -0.354521 -0.091643 0.932568 -0.351423 -0.082579 0.841596 -0.532084 -0.092748 0.836432 -0.528204 -0.146229 0.966876 0.248768 0.057143 0.839878 0.512271 0.179398 0.964883 -0.258890 -0.044466 0.838363 0.530719 0.124436 -0.025742 0.236603 -0.971265 0.038919 0.283157 -0.958284 0.038838 0.278097 -0.959767 0.000235 0.263688 -0.964608 -0.998597 0.026032 -0.046111 -0.983201 -0.141709 0.115043 -0.933114 -0.149325 0.327110 -0.998834 0.025505 -0.040995 0.500972 -0.478874 0.720907 0.833686 0.203264 0.513470 0.887788 0.042868 0.458252 0.406801 -0.382522 0.829572 -0.982729 0.141692 -0.119024 -0.998880 -0.025071 0.040134 -0.998938 -0.025334 0.038483 -0.932272 0.147252 -0.330433 -0.501321 -0.044252 -0.864129 -0.833772 0.436971 -0.337461 -0.888139 0.270567 -0.371488 -0.407737 0.093907 -0.908257 -0.134164 0.093053 -0.986581 -0.308657 0.150546 -0.939184 -0.833391 -0.435681 0.340060 -0.502564 0.043212 0.863459 -0.408284 -0.094042 0.907998 -0.887581 -0.270371 0.372961 0.134344 0.425269 -0.895041 -0.036044 0.247216 -0.968290 -0.035849 0.247821 -0.968143 0.311553 0.346284 -0.884885 -0.834072 0.205760 0.511846 -0.499716 -0.480122 0.720948 
						-0.406233 -0.382784 0.829730 -0.888355 0.043805 0.457063 0.997458 -0.023393 0.067301 0.982421 -0.090255 -0.163411 0.933803 0.017773 -0.357346 0.998766 -0.019710 0.045576 -0.999085 0.020145 0.037720 -0.999172 -0.014685 -0.037946 -0.998868 -0.015725 -0.044900 -0.998755 0.016515 0.047065 0.982823 0.090738 0.160701 0.997137 0.024097 -0.071675 0.998647 0.020605 -0.047741 0.934361 -0.017523 0.355898 -0.035836 -0.247672 0.968181 0.135827 -0.423876 0.895478 0.309567 -0.349445 0.884340 -0.037807 -0.250374 0.967411 0.024938 -0.290886 0.956433 -0.000305 -0.264889 0.964279 -0.132248 -0.091007 0.987030 0.039065 -0.282505 0.958470 0.038266 -0.281242 0.958874 -0.309915 -0.154625 0.938107 0.042012 -0.276310 0.960150 -0.343412 -0.268771 0.899906 -0.040117 -0.249219 0.967616 0.000000 -0.263722 0.964599 -0.938993 -0.072814 0.336141 -0.999033 0.023601 -0.037104 0.041255 0.279268 -0.959327 -0.000000 0.264821 -0.964298 0.938504 -0.091234 0.332997 0.344219 -0.248083 0.905521 -0.999137 -0.020963 0.035866 -0.938357 0.074135 -0.337625 -0.344128 0.270152 -0.899219 -0.938888 0.090952 -0.331989 -0.345267 0.247977 -0.905151 -0.039422 0.252288 -0.966849 0.345886 0.228098 -0.910129 -0.345959 -0.247909 0.904905 -0.938260 -0.091404 0.333638 0.938260 0.091405 -0.333638 0.999222 -0.010416 0.038030 -0.343490 -0.248153 0.905778 -0.939155 -0.090764 0.331284 0.999148 0.010907 -0.039794 0.938888 -0.090951 0.331990 0.345180 -0.226258 0.910856 -0.463201 -0.500622 0.731316 0.848656 0.396311 -0.350315 -0.456149 0.576072 -0.678284 -0.794169 -0.239475 -0.558522 -0.958526 -0.281749 -0.042967 -0.774377 -0.619523 -0.128575 -0.809057 -0.587179 -0.025440 0.675575 -0.350746 -0.648518 0.669453 -0.300858 -0.679203 0.463831 -0.154175 -0.872405 0.738243 -0.025023 -0.674070 -0.856576 -0.157944 -0.491256 0.462695 0.053157 0.884922 0.800666 0.488261 -0.347180 
						-0.959799 0.263082 0.097849 -0.777303 0.590963 0.215784 -0.817415 0.531217 0.222805 0.596318 0.608790 -0.523239 0.606238 0.598350 -0.523883 0.643489 0.390132 -0.658574 -0.959959 0.276071 0.047571 -0.958176 -0.270329 -0.093923 -0.815446 -0.536350 -0.217660 -0.773419 -0.597189 -0.212574 -0.812010 0.582938 0.028683 -0.778324 0.613945 0.131464 0.000260 0.263631 -0.964624 -0.000000 0.263918 -0.964545 -0.000275 -0.264822 0.964297 0.000000 -0.264527 0.964378 -0.025474 -0.236835 0.971216 0.025318 0.291021 -0.956381 0.746194 0.018986 0.665458 0.651665 -0.393998 0.648150 0.806392 -0.483523 0.340495 0.475386 0.155258 0.865970 -0.729219 0.373509 -0.573350 -0.636785 0.009908 -0.770978 -0.467720 -0.573808 0.672296 -0.800023 0.238831 0.550384 -0.645047 -0.001266 0.764142 -0.737319 -0.363983 0.569102 0.940327 0.040085 0.337902 0.393479 -0.363790 0.844293 0.678794 0.294689 0.672605 0.684871 0.341122 0.643885 0.477677 -0.063539 -0.876235 -0.853421 0.161568 0.495549 0.611427 -0.600632 0.515168 0.604381 -0.608144 0.514669 -0.933637 0.228553 -0.275835 -0.379527 0.138248 -0.914793 0.845062 -0.402008 0.352506 -0.478838 0.505302 -0.717902 -0.598579 0.252382 0.760268 -0.608483 0.243039 0.755434 -0.389706 -0.126106 0.912264 -0.935592 -0.220192 0.276012 -0.676823 -0.628050 0.384010 -0.670900 -0.602309 0.432570 0.383248 0.354640 -0.852849 0.938537 -0.047365 -0.341913 -0.661469 0.610890 -0.435055 -0.667412 0.638564 -0.383142 -0.603256 -0.236591 -0.761647 -0.590444 -0.248482 -0.767875 
					</float_array>
					<technique_common>
						<accessor count="180" offset="0" source="#meshId1-bitangents-array" stride="3">
							<param name="X" type="float" />
							<param name="Y" type="float" />
							<param name="Z" type="float" />
						</accessor>
					</technique_common>
				</source>
				<source id="meshId1-tex0" name="meshId1-tex0">
					<float_array id="meshId1-tex0-array" count="360"> 
						0.460979 0.039759 0.457154 0.075719 0.393573 0.007075 0.428060 0.005109 0.433483 0.107463 0.433339 0.616571 0.414921 0.603524 0.413186 0.120880 0.071505 0.002777 0.003453 0.072086 0.000194 0.035158 0.034525 0.000194 0.011013 0.646725 0.076822 0.712445 0.040961 0.714900 0.007771 0.680908 0.394239 0.713379 0.457737 0.648408 0.460979 0.682229 0.428125 0.715844 0.027787 0.104333 0.035359 0.614155 0.095751 0.674573 0.375659 0.674609 0.090618 0.041729 0.374079 0.046251 0.364928 0.065514 0.099616 0.063003 0.053869 0.600544 0.104648 0.653832 0.048370 0.118054 0.367030 0.655555 0.967973 0.516841 0.967879 0.417127 0.986968 0.410400 0.987013 0.514686 0.911600 0.070499 0.912544 0.039615 0.927970 0.026433 0.927278 0.058745 0.735099 0.688062 0.735099 0.730602 0.714987 0.727892 0.714987 0.683535 0.912629 0.644262 0.911552 0.611929 0.927290 0.623621 0.928074 0.657339 0.032263 0.720738 0.032263 0.763279 0.012151 0.760590 0.012151 0.716232 0.969016 0.386387 0.987814 0.378126 0.702642 0.683535 0.702642 0.726075 0.682522 0.730592 0.682522 0.686234 0.969254 0.747514 0.968044 0.715512 0.987040 0.722107 0.987976 0.755660 0.032651 0.763289 0.032651 0.720749 
						0.052755 0.716232 0.052755 0.760590 0.940370 0.045875 0.940370 0.013691 0.955534 0.000194 0.955534 0.033753 0.477191 0.069829 0.477198 0.612599 0.461373 0.624167 0.461366 0.058215 0.940398 0.612801 0.940398 0.582057 0.955535 0.594254 0.955535 0.626312 0.967879 0.040649 0.969023 0.008457 0.987816 0.000194 0.986953 0.033974 0.967986 0.140357 0.987013 0.138244 0.969296 0.369581 0.968055 0.339022 0.987038 0.345679 0.987985 0.377739 0.999001 0.345520 0.999806 0.377415 0.998973 0.034144 0.998928 0.138244 0.939982 0.026679 0.939322 0.058890 0.998990 0.410576 0.998928 0.514687 0.703030 0.727892 0.703030 0.683535 0.939283 0.623490 0.939982 0.657073 0.999804 0.378430 0.000194 0.760590 0.000194 0.716232 0.999001 0.721957 0.999804 0.755353 0.670564 0.730592 0.670564 0.686234 0.967492 0.000194 0.967491 0.033753 0.064712 0.716232 0.064712 0.760590 0.967491 0.594254 0.967492 0.626312 0.999806 0.000490 0.565899 0.691442 0.565899 0.774722 0.546006 0.754101 0.546006 0.712461 0.765129 0.078713 0.749966 0.001958 0.851699 0.010707 0.625935 0.703375 0.649427 0.683535 0.650320 0.712101 0.638573 0.722021 0.670177 0.691546 0.670177 0.773766 0.650320 0.753211 
						0.625126 0.603766 0.642653 0.683147 0.539250 0.674512 0.649427 0.781777 0.625935 0.761937 0.638573 0.743291 0.761847 0.603617 0.628456 0.079106 0.541093 0.008308 0.646236 0.000194 0.849786 0.674355 0.746251 0.682094 0.987016 0.618297 0.998955 0.618293 0.987016 0.241856 0.998956 0.241852 0.968026 0.239717 0.968014 0.616205 0.586312 0.743236 0.586581 0.721968 0.598435 0.712180 0.598435 0.753820 0.534151 0.744313 0.533882 0.723045 0.493538 0.712540 0.493538 0.754703 0.481298 0.744256 0.481298 0.722986 0.566287 0.753496 0.566824 0.710959 0.597527 0.782746 0.573280 0.761578 0.618329 0.691559 0.618329 0.774839 0.574095 0.703110 0.597804 0.683535 0.514395 0.755323 0.513857 0.712785 0.513469 0.691458 0.513469 0.775784 0.492895 0.783707 0.468416 0.762815 0.461366 0.754891 0.461366 0.712351 0.468416 0.704428 0.492895 0.683535 0.618716 0.753926 0.618716 0.711386 0.545375 0.782746 0.521666 0.763171 0.520850 0.704703 0.545097 0.683535 
					</float_array>
					<technique_common>
						<accessor count="180" offset="0" source="#meshId1-tex0-array" stride="2">
							<param name="S" type="float" />
							<param name="T" type="float" />
						</accessor>
					</technique_common>
				</source>
				<vertices id="meshId1-vertices">
					<input semantic="POSITION" source="#meshId1-positions" />
				</vertices>
				<polylist count="184" material="defaultMaterial">
					<input offset="0" semantic="VERTEX" source="#meshId1-vertices" />
					<input offset="0" semantic="NORMAL" source="#meshId1-normals" />
					<input offset="0" semantic="TANGENT" source="#meshId1-tangents" />
					<input offset="0" semantic="BINORMAL" source="#meshId1-bitangents" />
					<input offset="0" semantic="TEXCOORD" source="#meshId1-tex0" set="0" />
					<vcount>
						3 3 3 3 3 3 3 3 3 3 3 3 3 3 3 3 3 3 3 3 3 3 3 3 3 3 3 3 3 3 3 3 3 3 3 3 3 3 3 3 3 3 3 3 3 3 3 3 3 3 3 3 3 3 3 3 3 3 3 3 3 3 3 3 
						3 3 3 3 3 3 3 3 3 3 3 3 3 3 3 3 3 3 3 3 3 3 3 3 3 3 3 3 3 3 3 3 3 3 3 3 3 3 3 3 3 3 3 3 3 3 3 3 3 3 3 3 3 3 3 3 3 3 3 3 3 3 3 3 
						3 3 3 3 3 3 3 3 3 3 3 3 3 3 3 3 3 3 3 3 3 3 3 3 3 3 3 3 3 3 3 3 3 3 3 3 3 3 3 3 3 3 3 3 3 3 3 3 3 3 3 3 3 3 3 3 
					</vcount>
					<p>
						3 0 1 1 2 3 7 4 5 5 6 7 11 8 9 9 10 11 15 12 13 13 14 15 19 16 17 17 18 19 21 12 9 9 20 21 23 16 13 13 22 23 20 9 8 8 24 20 27 24 25 25 26 27 29 22 21 21 28 29 25 2 1 1 4 25 22 13 12 12 21 22 24 8 2 2 25 24 4 1 17 17 5 4 5 17 16 16 23 5 27 26 7 7 30 27 28 30 7 7 6 28 29 28 6 6 31 29 6 5 23 23 31 6 30 20 24 24 27 30 31 23 22 22 29 31 28 21 20 20 30 28 26 25 4 4 7 26 35 32 33 33 34 35 39 36 37 37 38 39 43 40 41 41 42 43 47 44 45 45 46 47 51 48 49 49 50 51 34 33 52 52 53 34 57 54 55 55 56 57 61 58 59 59 60 61 65 62 63 63 64 65 
						69 66 67 67 68 69 73 70 71 71 72 73 77 74 75 75 76 77 46 45 36 36 39 46 81 78 79 79 80 81 83 82 78 78 81 83 87 84 85 85 86 87 89 87 86 86 88 89 91 83 81 81 90 91 93 39 38 38 92 93 95 35 34 34 94 95 97 43 42 42 96 97 99 47 46 46 98 99 94 34 53 53 100 94 102 51 50 50 101 102 104 61 60 60 103 104 106 57 56 56 105 106 108 69 68 68 107 108 110 65 64 64 109 110 112 77 76 76 111 112 111 76 69 69 108 111 90 81 80 80 113 90 98 46 39 39 93 98 117 114 115 115 116 117 120 36 118 118 119 120 124 121 122 122 123 124 123 125 126 126 127 123 71 128 129 129 130 71 127 131 132 132 133 127 45 134 118 118 36 45 137 135 70 70 136 137 119 118 135 135 137 119 
						128 71 70 70 135 128 134 128 135 135 118 134 134 45 138 138 139 134 128 134 139 139 129 128 103 60 140 140 141 103 141 140 35 35 95 141 88 86 142 142 143 88 143 142 83 83 91 143 86 85 144 144 142 86 142 144 82 82 83 142 60 59 145 145 140 60 140 145 32 32 35 140 149 146 147 147 148 149 124 123 127 127 133 124 151 117 116 116 150 151 155 152 153 153 154 155 146 156 157 157 147 146 149 158 159 159 146 149 148 160 161 161 149 148 147 162 163 163 148 147 150 164 165 165 151 150 152 166 167 167 153 152 153 168 169 169 154 153 154 170 171 171 155 154 155 172 173 173 152 155 133 174 175 175 124 133 116 176 177 177 150 116 151 178 179 179 117 151 
					</p>
				</polylist>
			</mesh>
		</geometry>
		<geometry id="meshId2" name="meshId2_name" >
			<mesh>
				<source id="meshId2-positions" name="meshId2-positions">
					<float_array id="meshId2-positions-array" count="456"> 
						-0.268422 0.091935 -0.000146 0.268422 0.091935 -0.000146 0.268422 0.079545 -0.046094 -0.268422 0.079545 -0.046094 0.268422 0.045841 -0.079691 -0.268422 0.045841 -0.079691 0.268422 -0.000146 -0.091935 -0.268422 -0.000146 -0.091935 0.268422 -0.046094 -0.079545 -0.268422 -0.046094 -0.079545 0.268422 -0.079691 -0.045841 -0.268422 -0.079691 -0.045841 0.268422 -0.091935 0.000146 -0.268422 -0.091935 0.000146 0.268422 -0.079545 0.046094 -0.268422 -0.079545 0.046094 0.268422 -0.045841 0.079691 -0.268422 -0.045841 0.079691 0.268422 0.000146 0.091935 -0.268422 0.000146 0.091935 0.268422 0.046094 0.079545 -0.268422 0.046094 0.079545 -0.268422 0.091935 -0.000146 -0.268422 0.079545 -0.046094 -0.268422 0.000000 0.000000 0.268422 0.046094 0.079545 0.268422 0.079691 0.045841 0.268422 0.117664 0.083694 0.268422 0.084067 0.117398 -0.268422 0.079691 0.045841 0.268422 0.079691 0.045841 0.268422 0.091935 -0.000146 -0.268422 0.091935 -0.000146 -0.268422 0.084067 0.117398 -0.268422 0.117664 0.083694 0.268422 0.079545 -0.046094 0.268422 0.091935 -0.000146 0.268422 0.000000 0.000000 0.268422 0.079691 0.045841 0.268422 0.046094 0.079545 0.268422 0.000146 0.091935 0.268422 -0.045841 0.079691 0.268422 -0.079545 0.046094 0.268422 -0.091935 0.000146 0.268422 -0.079691 -0.045841 0.268422 -0.046094 -0.079545 0.268422 -0.000146 -0.091935 0.268422 0.045841 -0.079691 -0.268422 0.045841 -0.079691 -0.268422 -0.000146 -0.091935 -0.268422 -0.046094 -0.079545 -0.268422 -0.079691 -0.045841 -0.268422 -0.091935 0.000146 -0.268422 -0.079545 0.046094 -0.268422 -0.045841 0.079691 -0.268422 0.000146 0.091935 -0.268422 0.046094 0.079545 -0.268422 0.079691 0.045841 -0.268422 0.018672 0.208868 0.268422 0.018672 0.208868 -0.268422 0.079691 0.045841 -0.268422 0.216096 0.020593 -0.268422 0.178123 -0.017260 -0.268422 0.046094 0.079545 
						-0.268422 -0.019301 0.171015 0.268422 -0.019301 0.171015 0.268422 -0.019301 0.171015 -0.268422 0.046094 0.079545 0.268422 0.046094 0.079545 -0.268422 -0.019301 0.171015 0.268422 0.178123 -0.017260 -0.268422 0.178123 -0.017260 0.268422 0.216096 0.020593 0.268422 0.079691 0.045841 -0.268422 0.079691 0.045841 0.268422 0.178123 -0.017260 -2.268422 0.091935 -0.000146 -1.731577 0.091935 -0.000146 -1.731577 0.079545 -0.046094 -2.268422 0.079545 -0.046094 -1.731577 0.045841 -0.079691 -2.268422 0.045841 -0.079691 -1.731577 -0.000146 -0.091935 -2.268422 -0.000146 -0.091935 -1.731577 -0.046094 -0.079545 -2.268422 -0.046094 -0.079545 -1.731577 -0.079691 -0.045841 -2.268422 -0.079691 -0.045841 -1.731577 -0.091935 0.000146 -2.268422 -0.091935 0.000146 -1.731577 -0.079545 0.046094 -2.268422 -0.079545 0.046094 -1.731577 -0.045841 0.079691 -2.268422 -0.045841 0.079691 -1.731577 0.000146 0.091935 -2.268422 0.000146 0.091935 -1.731577 0.046094 0.079545 -2.268422 0.046094 0.079545 -2.268422 0.091935 -0.000146 -2.268422 0.079545 -0.046094 -2.268422 0.000000 0.000000 -1.731577 0.046094 0.079545 -1.731577 0.079691 0.045841 -1.731577 0.117664 0.083694 -1.731577 0.084067 0.117398 -2.268422 0.079691 0.045841 -1.731577 0.079691 0.045841 -1.731577 0.091935 -0.000146 -2.268422 0.091935 -0.000146 -2.268422 0.084067 0.117398 -2.268422 0.117664 0.083694 -1.731577 0.079545 -0.046094 -1.731577 0.091935 -0.000146 -1.731577 0.000000 0.000000 -1.731577 0.079691 0.045841 -1.731577 0.046094 0.079545 -1.731577 0.000146 0.091935 -1.731577 -0.045841 0.079691 -1.731577 -0.079545 0.046094 -1.731577 -0.091935 0.000146 -1.731577 -0.079691 -0.045841 -1.731577 -0.046094 -0.079545 -1.731577 -0.000146 -0.091935 -1.731577 0.045841 -0.079691 -2.268422 0.045841 -0.079691 -2.268422 -0.000146 -0.091935 -2.268422 -0.046094 -0.079545 -2.268422 -0.079691 -0.045841 
						-2.268422 -0.091935 0.000146 -2.268422 -0.079545 0.046094 -2.268422 -0.045841 0.079691 -2.268422 0.000146 0.091935 -2.268422 0.046094 0.079545 -2.268422 0.079691 0.045841 -2.268422 0.018672 0.208868 -1.731577 0.018672 0.208868 -2.268422 0.079691 0.045841 -2.268422 0.216096 0.020593 -2.268422 0.178123 -0.017260 -2.268422 0.046094 0.079545 -2.268422 -0.019301 0.171015 -1.731577 -0.019301 0.171015 -1.731577 -0.019301 0.171015 -2.268422 0.046094 0.079545 -1.731577 0.046094 0.079545 -2.268422 -0.019301 0.171015 -1.731577 0.178123 -0.017260 -2.268422 0.178123 -0.017260 -1.731577 0.216096 0.020593 -1.731577 0.079691 0.045841 -2.268422 0.079691 0.045841 -1.731577 0.178123 -0.017260 
					</float_array>
					<technique_common>
						<accessor count="152" offset="0" source="#meshId2-positions-array" stride="3">
							<param name="X" type="float" />
							<param name="Y" type="float" />
							<param name="Z" type="float" />
						</accessor>
					</technique_common>
				</source>
				<source id="meshId2-normals" name="meshId2-normals">
					<float_array id="meshId2-normals-array" count="456"> 
						-0.653236 0.757154 -0.001190 0.653236 0.757154 -0.001190 0.653226 0.655119 -0.379625 -0.653226 0.655119 -0.379625 0.653237 0.377525 -0.656320 -0.653237 0.377525 -0.656320 0.653236 -0.001190 -0.757154 -0.653236 -0.001190 -0.757154 0.653226 -0.379625 -0.655119 -0.653226 -0.379625 -0.655119 0.653237 -0.656320 -0.377525 -0.653237 -0.656320 -0.377525 0.653236 -0.757154 0.001190 -0.653236 -0.757154 0.001190 0.653226 -0.655119 0.379625 -0.653226 -0.655119 0.379625 0.653237 -0.377525 0.656320 -0.653237 -0.377525 0.656320 0.653236 0.001190 0.757154 -0.653236 0.001190 0.757154 0.982612 -0.152533 0.105869 -0.982612 -0.152533 0.105869 -0.653236 0.757154 -0.001190 -0.653226 0.655119 -0.379625 -1.000000 0.000000 0.000000 0.982612 -0.152533 0.105869 0.979611 0.118446 -0.162272 0.732300 0.427417 0.530143 0.725920 0.525045 0.444262 -0.979611 0.118446 -0.162272 0.979611 0.118446 -0.162272 0.653236 0.757154 -0.001190 -0.653236 0.757154 -0.001190 -0.725920 0.525045 0.444262 -0.732300 0.427417 0.530143 0.653226 0.655119 -0.379625 0.653236 0.757154 -0.001190 1.000000 0.000000 0.000000 0.979611 0.118446 -0.162272 0.982612 -0.152533 0.105869 0.653236 0.001190 0.757154 0.653237 -0.377525 0.656320 0.653226 -0.655119 0.379625 0.653236 -0.757154 0.001190 0.653237 -0.656320 -0.377525 0.653226 -0.379625 -0.655119 0.653236 -0.001190 -0.757154 0.653237 0.377525 -0.656320 -0.653237 0.377525 -0.656320 -0.653236 -0.001190 -0.757154 -0.653226 -0.379625 -0.655119 -0.653237 -0.656320 -0.377525 -0.653236 -0.757154 0.001190 -0.653226 -0.655119 0.379625 -0.653237 -0.377525 0.656320 -0.653236 0.001190 0.757154 -0.982612 -0.152533 0.105869 -0.979611 0.118446 -0.162272 -0.569249 0.068272 0.819326 0.569249 0.068272 0.819326 -0.979611 0.118446 -0.162272 -0.566797 0.819158 0.087864 -0.589624 0.086124 -0.803073 -0.982612 -0.152533 0.105869 
						-0.586428 -0.807204 0.067264 0.586428 -0.807204 0.067264 0.586428 -0.807204 0.067264 -0.982612 -0.152533 0.105869 0.982612 -0.152533 0.105869 -0.586428 -0.807204 0.067264 0.589624 0.086124 -0.803073 -0.589624 0.086124 -0.803073 0.566797 0.819158 0.087864 0.979611 0.118446 -0.162272 -0.979611 0.118446 -0.162272 0.589624 0.086124 -0.803073 -0.653236 0.757154 -0.001190 0.653236 0.757154 -0.001190 0.653226 0.655119 -0.379625 -0.653226 0.655119 -0.379625 0.653237 0.377525 -0.656320 -0.653237 0.377525 -0.656320 0.653236 -0.001190 -0.757154 -0.653236 -0.001190 -0.757154 0.653226 -0.379625 -0.655119 -0.653226 -0.379625 -0.655119 0.653237 -0.656320 -0.377525 -0.653237 -0.656320 -0.377525 0.653236 -0.757154 0.001190 -0.653236 -0.757154 0.001190 0.653226 -0.655119 0.379625 -0.653226 -0.655119 0.379625 0.653237 -0.377525 0.656320 -0.653237 -0.377525 0.656320 0.653236 0.001190 0.757154 -0.653236 0.001190 0.757154 0.982612 -0.152533 0.105869 -0.982612 -0.152533 0.105869 -0.653236 0.757154 -0.001190 -0.653226 0.655119 -0.379625 -1.000000 0.000000 0.000000 0.982612 -0.152533 0.105869 0.979611 0.118446 -0.162272 0.732300 0.427417 0.530143 0.725920 0.525045 0.444262 -0.979611 0.118446 -0.162272 0.979611 0.118446 -0.162272 0.653236 0.757154 -0.001190 -0.653236 0.757154 -0.001190 -0.725905 0.525057 0.444272 -0.732300 0.427417 0.530143 0.653226 0.655119 -0.379625 0.653236 0.757154 -0.001190 1.000000 0.000000 0.000000 0.979611 0.118446 -0.162272 0.982612 -0.152533 0.105869 0.653236 0.001190 0.757154 0.653237 -0.377525 0.656320 0.653226 -0.655119 0.379625 0.653236 -0.757154 0.001190 0.653237 -0.656320 -0.377525 0.653226 -0.379625 -0.655119 0.653236 -0.001190 -0.757154 0.653237 0.377525 -0.656320 -0.653237 0.377525 -0.656320 -0.653236 -0.001190 -0.757154 -0.653226 -0.379625 -0.655119 -0.653237 -0.656320 -0.377525 
						-0.653236 -0.757154 0.001190 -0.653226 -0.655119 0.379625 -0.653237 -0.377525 0.656320 -0.653236 0.001190 0.757154 -0.982612 -0.152533 0.105869 -0.979611 0.118446 -0.162272 -0.569249 0.068272 0.819326 0.569249 0.068272 0.819326 -0.979611 0.118446 -0.162272 -0.566797 0.819158 0.087864 -0.589624 0.086124 -0.803073 -0.982612 -0.152533 0.105869 -0.586428 -0.807204 0.067264 0.586428 -0.807204 0.067264 0.586428 -0.807204 0.067264 -0.982612 -0.152533 0.105869 0.982612 -0.152533 0.105869 -0.586428 -0.807204 0.067264 0.589624 0.086124 -0.803073 -0.589624 0.086124 -0.803073 0.566797 0.819158 0.087864 0.979611 0.118446 -0.162272 -0.979611 0.118446 -0.162272 0.589624 0.086124 -0.803073 
					</float_array>
					<technique_common>
						<accessor count="152" offset="0" source="#meshId2-normals-array" stride="3">
							<param name="X" type="float" />
							<param name="Y" type="float" />
							<param name="Z" type="float" />
						</accessor>
					</technique_common>
				</source>
				<source id="meshId2-tangents" name="meshId2-tangents">
					<float_array id="meshId2-tangents-array" count="456"> 
						0.757155 0.653235 -0.001025 0.757155 -0.653235 0.001029 0.757163 -0.565189 0.327515 0.757163 0.565191 -0.327512 0.757153 -0.325710 0.566244 0.757153 0.325713 -0.566242 0.757155 0.001028 0.653235 0.757155 -0.001026 -0.653235 0.757163 0.327513 0.565190 0.757163 -0.327513 -0.565190 0.757153 0.566243 0.325712 0.757153 -0.566243 -0.325712 0.757155 0.653235 -0.001027 0.757155 -0.653235 0.001027 0.757163 0.565190 -0.327513 0.757163 -0.565190 0.327514 0.757153 0.325713 -0.566242 0.757153 -0.325711 0.566243 0.757155 -0.001025 -0.653235 0.757155 0.001028 0.653235 0.185673 0.807228 -0.560276 0.185673 -0.807225 0.560280 0.700507 0.603766 -0.380469 0.700516 0.713186 0.025356 0.000000 0.965514 -0.260350 -0.181492 -0.668731 0.721012 0.195922 -0.741948 0.641192 -0.011422 -0.770679 0.637121 0.020740 -0.662353 0.748905 -0.186770 -0.239339 0.952803 0.186770 -0.239339 0.952803 0.130537 -0.111072 0.985202 -0.130536 -0.111071 0.985202 -0.015177 -0.658008 0.752858 0.016989 -0.766789 0.641674 -0.414085 -0.110658 -0.903487 -0.130536 0.111071 -0.985202 0.000000 0.257287 -0.966335 -0.186770 0.239338 -0.952803 0.140503 0.238093 -0.961026 0.700519 0.378532 -0.604968 0.700518 -0.027593 -0.713101 0.414085 -0.110659 -0.903487 0.130536 0.111071 -0.985202 -0.130534 0.393524 -0.910000 -0.414078 0.545268 -0.728850 -0.700518 0.378534 -0.604968 -0.700518 -0.027594 -0.713101 0.414071 0.903841 0.107777 0.130550 0.984845 -0.114180 -0.130546 0.908739 -0.396423 -0.414091 0.727116 -0.547569 -0.700507 0.603765 -0.380469 -0.700516 0.713186 0.025356 -0.414071 0.903841 0.107777 -0.130550 0.984845 -0.114180 -0.174483 0.953533 -0.245623 0.155332 0.958796 -0.237872 0.127398 -0.977185 0.169939 -0.136429 -0.974886 0.176022 -0.196051 -0.740026 0.643371 -0.137828 -0.199429 0.970171 -0.393945 -0.898673 0.192861 0.181305 -0.665287 0.724239 
						0.000011 -0.083050 -0.996545 -0.000011 -0.083051 -0.996545 -0.405308 -0.220524 0.887184 -0.174482 0.563602 -0.807409 0.174482 0.563602 -0.807409 0.415914 -0.228815 0.880147 -0.000548 0.994341 0.106234 -0.000606 0.994251 0.107072 0.124663 -0.190698 0.973701 -0.186783 0.834410 -0.518529 0.186774 0.834479 -0.518422 0.409802 -0.888708 0.205573 0.757155 0.653235 -0.001025 0.757155 -0.653235 0.001029 0.757163 -0.565189 0.327515 0.757163 0.565191 -0.327511 0.757153 -0.325711 0.566244 0.757153 0.325713 -0.566242 0.757155 0.001028 0.653235 0.757155 -0.001026 -0.653235 0.757163 0.327513 0.565190 0.757163 -0.327513 -0.565190 0.757153 0.566243 0.325712 0.757153 -0.566243 -0.325712 0.757155 0.653235 -0.001027 0.757155 -0.653235 0.001027 0.757163 0.565190 -0.327513 0.757163 -0.565190 0.327514 0.757153 0.325712 -0.566243 0.757153 -0.325711 0.566243 0.757155 -0.001026 -0.653235 0.757155 0.001028 0.653235 0.185672 0.807228 -0.560276 0.185673 -0.807225 0.560280 0.414073 0.355926 -0.837771 0.700521 0.332637 -0.631366 0.000000 0.705985 -0.708227 -0.181492 -0.668732 0.721012 0.195922 -0.741948 0.641192 -0.011423 -0.770679 0.637122 0.020740 -0.662353 0.748905 -0.186770 -0.239341 0.952803 0.186770 -0.239340 0.952803 0.130537 -0.111072 0.985202 -0.130540 -0.111075 0.985201 -0.015177 -0.658007 0.752859 0.016990 -0.766788 0.641676 0.700521 -0.332637 0.631366 0.414073 -0.355925 0.837771 0.000000 -0.705985 0.708227 0.198449 -0.696331 0.689740 -0.182561 -0.689727 0.700677 -0.414089 -0.836634 0.358572 -0.700505 -0.630322 0.334644 -0.700521 -0.332637 0.631366 -0.414073 -0.355926 0.837771 -0.130552 -0.588778 0.797682 0.130540 -0.795807 0.591313 0.414089 -0.836634 0.358571 0.700504 -0.630324 0.334643 0.700505 0.630323 -0.334643 0.414088 0.836635 -0.358570 0.130539 0.795807 -0.591312 -0.130551 0.588777 -0.797683 
						-0.414073 0.355925 -0.837772 -0.700521 0.332638 -0.631366 -0.700505 0.630323 -0.334643 -0.414089 0.836635 -0.358571 -0.182561 0.689727 -0.700677 0.198449 0.696331 -0.689740 0.127397 -0.977185 0.169939 -0.136428 -0.974886 0.176022 -0.196051 -0.740024 0.643373 -0.137827 -0.199428 0.970171 -0.393947 -0.898671 0.192863 0.181305 -0.665287 0.724239 0.000011 -0.083050 -0.996545 -0.000011 -0.083050 -0.996545 -0.405309 -0.220525 0.887183 -0.174482 0.563602 -0.807409 0.174482 0.563602 -0.807409 0.415915 -0.228816 0.880146 -0.000548 0.994341 0.106234 -0.000605 0.994251 0.107071 0.124663 -0.190698 0.973701 -0.186783 0.834410 -0.518529 0.186774 0.834478 -0.518422 0.409802 -0.888708 0.205573 
					</float_array>
					<technique_common>
						<accessor count="152" offset="0" source="#meshId2-tangents-array" stride="3">
							<param name="X" type="float" />
							<param name="Y" type="float" />
							<param name="Z" type="float" />
						</accessor>
					</technique_common>
				</source>
				<source id="meshId2-bitangents" name="meshId2-bitangents">
					<float_array id="meshId2-bitangents-array" count="456"> 
						0.000002 -0.001571 -0.999999 0.000001 -0.001573 -0.999999 0.000001 -0.501379 -0.865228 0.000002 -0.501377 -0.865229 0.000001 -0.866826 -0.498610 0.000001 -0.866825 -0.498612 0.000001 -0.999999 0.001573 0.000001 -0.999999 0.001571 0.000000 -0.865228 0.501378 0.000001 -0.865229 0.501378 -0.000000 -0.498611 0.866826 0.000000 -0.498611 0.866826 -0.000000 0.001572 0.999999 -0.000000 0.001572 0.999999 -0.000001 0.501377 0.865229 -0.000000 0.501378 0.865228 -0.000001 0.866825 0.498612 -0.000001 0.866826 0.498611 -0.000001 0.999999 -0.001571 -0.000001 0.999999 -0.001573 -0.000000 0.570190 0.821513 -0.000000 0.570194 0.821510 -0.287355 -0.249369 -0.924793 0.287354 -0.249370 -0.924793 0.000000 -0.260350 -0.965514 -0.039180 -0.727690 -0.684787 -0.044451 -0.659912 -0.750027 0.680886 -0.472620 -0.559486 0.687467 -0.534431 -0.491704 0.074018 0.963684 0.256581 0.074018 -0.963684 -0.256581 0.745817 -0.643724 -0.171393 0.745818 0.643725 0.171391 0.687612 0.539772 0.485629 0.680770 0.478905 0.554258 -0.633900 0.747378 0.198990 -0.745817 0.643725 0.171392 0.000000 0.966335 0.257287 -0.074018 0.963684 0.256581 0.121381 0.959190 0.255384 -0.287327 0.925587 0.246437 0.287323 0.925588 0.246438 0.633900 0.747378 0.198990 0.745817 0.643725 0.171392 0.745816 0.643726 0.171393 0.633905 0.747374 0.198989 0.287329 0.925587 0.246438 -0.287324 0.925588 0.246438 0.633898 -0.201359 -0.746745 0.745815 -0.173433 -0.643180 0.745824 -0.173431 -0.643171 0.633885 -0.201363 -0.746755 0.287355 -0.249370 -0.924793 -0.287354 -0.249370 -0.924793 -0.633898 -0.201359 -0.746745 -0.745815 -0.173433 -0.643180 -0.063485 -0.259824 -0.963567 0.127410 -0.258228 -0.957646 0.812235 0.201118 0.547564 0.810767 -0.211980 -0.545639 -0.043881 0.662067 0.748159 0.812246 0.537780 0.225939 -0.705089 0.430082 0.563807 -0.040036 0.730840 0.681374 
						0.810002 -0.584401 0.048711 0.810002 0.584401 -0.048712 -0.701305 -0.547532 -0.456488 0.063488 -0.811842 -0.580416 0.063488 0.811842 0.580416 -0.695067 0.544119 0.469911 0.807678 -0.062198 0.586335 0.807678 0.063619 -0.586182 0.814371 -0.540938 -0.210206 0.073984 0.538266 0.839521 0.074007 -0.538160 -0.839587 -0.695992 -0.450312 -0.559298 0.000002 -0.001571 -0.999999 0.000001 -0.001573 -0.999999 0.000001 -0.501379 -0.865228 0.000002 -0.501377 -0.865229 0.000001 -0.866826 -0.498611 0.000001 -0.866825 -0.498612 0.000001 -0.999999 0.001572 0.000001 -0.999999 0.001571 0.000000 -0.865228 0.501378 0.000000 -0.865229 0.501378 -0.000000 -0.498611 0.866826 0.000000 -0.498611 0.866826 -0.000000 0.001572 0.999999 -0.000000 0.001572 0.999999 -0.000000 0.501378 0.865229 -0.000000 0.501378 0.865228 -0.000001 0.866825 0.498612 -0.000000 0.866826 0.498611 -0.000001 0.999999 -0.001571 -0.000001 0.999999 -0.001573 -0.000000 0.570190 0.821513 -0.000000 0.570194 0.821510 -0.633898 -0.547755 -0.546021 -0.287342 -0.678360 -0.676212 0.000000 -0.708227 -0.705985 -0.039180 -0.727689 -0.684787 -0.044451 -0.659912 -0.750027 0.680886 -0.472620 -0.559486 0.687467 -0.534431 -0.491704 0.074017 0.963684 0.256583 0.074017 -0.963684 -0.256583 0.745817 -0.643724 -0.171393 0.745817 0.643724 0.171397 0.687627 0.539761 0.485620 0.680770 0.478906 0.554257 0.287342 -0.678360 -0.676212 0.633898 -0.547755 -0.546020 0.000000 -0.708227 -0.705985 -0.031298 -0.707880 -0.705639 -0.033855 -0.707821 -0.705580 0.633887 -0.547761 -0.546026 0.287357 -0.678357 -0.676208 -0.287342 -0.678360 -0.676212 -0.633898 -0.547755 -0.546021 -0.745813 -0.471789 -0.470296 -0.745825 -0.471780 -0.470286 -0.633888 -0.547760 -0.546026 -0.287358 -0.678356 -0.676209 0.287358 -0.678356 -0.676209 0.633888 -0.547759 -0.546027 0.745825 -0.471779 -0.470287 0.745813 -0.471790 -0.470295 
						0.633898 -0.547755 -0.546020 0.287342 -0.678360 -0.676212 -0.287358 -0.678356 -0.676209 -0.633888 -0.547760 -0.546027 0.033855 -0.707821 -0.705580 0.031298 -0.707880 -0.705639 0.812235 0.201117 0.547564 0.810767 -0.211979 -0.545639 -0.043880 0.662069 0.748157 0.812247 0.537781 0.225937 -0.705088 0.430085 0.563806 -0.040036 0.730840 0.681374 0.810002 -0.584401 0.048712 0.810002 0.584401 -0.048712 -0.701304 -0.547531 -0.456489 0.063488 -0.811842 -0.580416 0.063488 0.811842 0.580416 -0.695066 0.544119 0.469912 0.807678 -0.062198 0.586335 0.807678 0.063618 -0.586182 0.814371 -0.540938 -0.210206 0.073983 0.538266 0.839521 0.074007 -0.538160 -0.839587 -0.695993 -0.450311 -0.559298 
					</float_array>
					<technique_common>
						<accessor count="152" offset="0" source="#meshId2-bitangents-array" stride="3">
							<param name="X" type="float" />
							<param name="Y" type="float" />
							<param name="Z" type="float" />
						</accessor>
					</technique_common>
				</source>
				<source id="meshId2-tex0" name="meshId2-tex0">
					<float_array id="meshId2-tex0-array" count="304"> 
						0.000252 0.502189 0.408581 0.502189 0.408580 0.538386 0.000252 0.538385 0.408580 0.574583 0.000252 0.574582 0.408580 0.610779 0.000252 0.610779 0.408580 0.646976 0.000252 0.646976 0.408580 0.683173 0.000252 0.683173 0.408580 0.719369 0.000252 0.719369 0.408580 0.755566 0.000252 0.755566 0.408580 0.791763 0.000252 0.791763 0.408581 0.827959 0.000252 0.827960 0.408581 0.864156 0.000252 0.864156 0.953004 0.551634 0.953004 0.587831 0.885461 0.569733 0.254707 0.501316 0.220395 0.501685 0.218772 0.461321 0.255418 0.460784 0.968971 0.000252 0.968971 0.408580 0.932774 0.408580 0.932774 0.000252 0.254231 0.041099 0.217422 0.040874 0.934906 0.890361 0.903559 0.908460 0.885461 0.840916 0.867362 0.908460 0.836015 0.890361 0.817917 0.859014 0.817917 0.822817 0.836015 0.791470 0.867362 0.773372 0.903559 0.773372 0.934906 0.791470 0.953004 0.822817 0.953004 0.859014 0.934906 0.619178 0.903559 0.637276 0.867362 0.637276 0.836015 0.619178 0.817917 0.587831 0.817917 0.551634 0.836015 0.520287 0.867362 0.502189 0.903559 0.502189 0.934906 0.520287 0.339824 0.047199 0.339823 0.455139 0.219610 0.000252 0.129833 0.047247 0.134763 0.009301 0.253851 0.000890 
						0.380567 0.047199 0.380567 0.455139 0.336567 0.493628 0.466009 0.047199 0.466009 0.455140 0.336385 0.008364 0.088857 0.454046 0.089201 0.047213 0.129490 0.454080 0.000252 0.453971 0.000595 0.047138 0.134552 0.492595 0.409084 0.502189 0.817413 0.502189 0.817413 0.538386 0.409084 0.538385 0.817413 0.574583 0.409084 0.574582 0.817413 0.610779 0.409084 0.610779 0.817413 0.646976 0.409084 0.646976 0.817413 0.683173 0.409084 0.683173 0.817413 0.719369 0.409084 0.719369 0.817413 0.755566 0.409084 0.755566 0.817413 0.791763 0.409084 0.791763 0.817413 0.827959 0.409084 0.827960 0.817413 0.864156 0.409084 0.864156 0.117241 0.882759 0.135340 0.914106 0.067796 0.932204 0.720969 0.501316 0.686656 0.501685 0.685033 0.461321 0.721680 0.460784 0.989705 0.502189 0.989705 0.910517 0.953508 0.910517 0.953508 0.502189 0.720492 0.041098 0.683683 0.040874 0.817917 0.687226 0.836015 0.655879 0.885461 0.705324 0.867362 0.637780 0.903559 0.637780 0.934906 0.655879 0.953004 0.687226 0.953004 0.723423 0.934906 0.754770 0.903559 0.772868 0.867362 0.772868 0.836015 0.754770 0.817917 0.723423 0.135340 0.950303 0.117241 0.981650 0.085894 0.999748 0.049697 0.999748 
						0.018350 0.981650 0.000252 0.950303 0.000252 0.914106 0.018350 0.882759 0.049697 0.864660 0.085894 0.864660 0.806085 0.047199 0.806085 0.455139 0.685871 0.000252 0.596094 0.047247 0.601024 0.009301 0.720113 0.000890 0.846828 0.047199 0.846828 0.455139 0.802828 0.493628 0.932270 0.047199 0.932270 0.455139 0.802646 0.008364 0.555119 0.454046 0.555462 0.047213 0.595751 0.454080 0.466513 0.453971 0.466856 0.047138 0.600813 0.492595 
					</float_array>
					<technique_common>
						<accessor count="152" offset="0" source="#meshId2-tex0-array" stride="2">
							<param name="S" type="float" />
							<param name="T" type="float" />
						</accessor>
					</technique_common>
				</source>
				<vertices id="meshId2-vertices">
					<input semantic="POSITION" source="#meshId2-positions" />
				</vertices>
				<polylist count="144" material="defaultMaterial">
					<input offset="0" semantic="VERTEX" source="#meshId2-vertices" />
					<input offset="0" semantic="NORMAL" source="#meshId2-normals" />
					<input offset="0" semantic="TANGENT" source="#meshId2-tangents" />
					<input offset="0" semantic="BINORMAL" source="#meshId2-bitangents" />
					<input offset="0" semantic="TEXCOORD" source="#meshId2-tex0" set="0" />
					<vcount>
						3 3 3 3 3 3 3 3 3 3 3 3 3 3 3 3 3 3 3 3 3 3 3 3 3 3 3 3 3 3 3 3 3 3 3 3 3 3 3 3 3 3 3 3 3 3 3 3 3 3 3 3 3 3 3 3 3 3 3 3 3 3 3 3 
						3 3 3 3 3 3 3 3 3 3 3 3 3 3 3 3 3 3 3 3 3 3 3 3 3 3 3 3 3 3 3 3 3 3 3 3 3 3 3 3 3 3 3 3 3 3 3 3 3 3 3 3 3 3 3 3 3 3 3 3 3 3 3 3 
						3 3 3 3 3 3 3 3 3 3 3 3 3 3 3 3 
					</vcount>
					<p>
						3 0 1 1 2 3 5 3 2 2 4 5 7 5 4 4 6 7 9 7 6 6 8 9 11 9 8 8 10 11 13 11 10 10 12 13 15 13 12 12 14 15 17 15 14 14 16 17 19 17 16 16 18 19 21 19 18 18 20 21 22 23 24 28 25 26 26 27 28 32 29 30 30 31 32 34 33 28 28 27 34 35 36 37 36 38 37 38 39 37 39 40 37 40 41 37 41 42 37 42 43 37 43 44 37 44 45 37 45 46 37 46 47 37 47 35 37 23 48 24 48 49 24 49 50 24 50 51 24 51 52 24 52 53 24 53 54 24 54 55 24 55 56 24 56 57 24 57 22 24 59 28 33 33 58 59 62 60 34 34 61 62 34 60 63 63 33 34 58 64 65 65 59 58 66 25 28 28 59 66 64 67 68 68 65 64 58 33 63 63 69 58 
						72 70 71 71 61 72 61 34 27 27 72 61 70 73 74 74 71 70 72 27 26 26 75 72 79 76 77 77 78 79 81 79 78 78 80 81 83 81 80 80 82 83 85 83 82 82 84 85 87 85 84 84 86 87 89 87 86 86 88 89 91 89 88 88 90 91 93 91 90 90 92 93 95 93 92 92 94 95 97 95 94 94 96 97 98 99 100 104 101 102 102 103 104 108 105 106 106 107 108 110 109 104 104 103 110 111 112 113 112 114 113 114 115 113 115 116 113 116 117 113 117 118 113 118 119 113 119 120 113 120 121 113 121 122 113 122 123 113 123 111 113 99 124 100 124 125 100 125 126 100 126 127 100 127 128 100 128 129 100 129 130 100 130 131 100 131 132 100 132 133 100 133 98 100 135 104 109 109 134 135 138 136 110 110 137 138 110 136 139 139 109 110 
						134 140 141 141 135 134 142 101 104 104 135 142 140 143 144 144 141 140 134 109 139 139 145 134 148 146 147 147 137 148 137 110 103 103 148 137 146 149 150 150 147 146 148 103 102 102 151 148 
					</p>
				</polylist>
			</mesh>
		</geometry>
		<geometry id="meshId3" name="meshId3_name" >
			<mesh>
				<source id="meshId3-positions" name="meshId3-positions">
					<float_array id="meshId3-positions-array" count="432"> 
						0.115494 0.646221 0.035355 0.269694 0.633429 0.035355 0.272740 0.647753 0.000000 0.115494 0.660866 0.000000 0.115494 0.610866 0.050000 0.262342 0.598846 0.050000 0.115494 0.575510 0.035355 0.254990 0.564264 0.035355 0.115494 0.560866 0.000000 0.251944 0.549940 0.000000 0.115494 0.575510 -0.035355 0.254990 0.564264 -0.035355 0.251944 0.549940 0.000000 0.115494 0.560866 0.000000 0.115494 0.610866 -0.050000 0.262342 0.598846 -0.050000 0.115494 0.646221 -0.035355 0.269694 0.633429 -0.035355 0.375323 0.595909 0.035355 0.382875 0.608456 0.000000 0.357092 0.565616 0.050000 0.338861 0.535324 0.035355 0.331309 0.522777 0.000000 0.338861 0.535324 -0.035355 0.331309 0.522777 0.000000 0.357092 0.565616 -0.050000 0.375323 0.595909 -0.035355 0.440472 0.535515 0.035355 0.452520 0.543840 0.000000 0.411384 0.515418 0.050000 0.382296 0.495321 0.035355 0.370248 0.486996 0.000000 0.382296 0.495321 -0.035355 0.370248 0.486996 0.000000 0.411384 0.515418 -0.050000 0.440472 0.535516 -0.035355 0.471113 0.461246 0.035356 0.485302 0.464871 0.000000 0.436858 0.452493 0.050000 0.402603 0.443741 0.035356 0.388414 0.440115 0.000000 0.402603 0.443741 -0.035355 0.388414 0.440115 0.000000 0.436858 0.452493 -0.050000 0.471113 0.461246 -0.035355 0.480407 0.383770 0.035355 0.495010 0.384883 0.000000 0.445154 0.381084 0.050000 0.409901 0.378398 0.035356 0.395299 0.377285 0.000000 0.409901 0.378398 -0.035355 0.395299 0.377285 0.000000 0.445154 0.381084 -0.050000 0.480407 0.383770 -0.035355 0.456772 0.229782 0.050000 0.491143 0.238069 0.035356 0.422402 0.221495 0.035356 0.408165 0.218062 0.000000 0.422402 0.221495 -0.035355 0.408165 0.218062 0.000000 0.456772 0.229782 -0.050000 0.491143 0.238069 -0.035355 0.505379 0.241501 0.000000 0.513665 0.176606 0.035355 
						0.526212 0.184159 0.000000 0.483374 0.158373 0.050000 0.453083 0.140139 0.035356 0.440536 0.132587 0.000000 0.453083 0.140139 -0.035355 0.440536 0.132587 0.000000 0.483374 0.158373 -0.050000 0.513665 0.176606 -0.035355 0.561052 0.123365 0.035355 0.570038 0.134928 0.000000 0.539358 0.095448 0.050000 0.517664 0.067531 0.035355 0.508678 0.055967 0.000000 0.517664 0.067531 -0.035355 0.508678 0.055967 0.000000 0.539358 0.095448 -0.050000 0.561052 0.123365 -0.035355 0.648421 0.078485 0.035355 0.653415 0.092252 0.000000 0.636364 0.045249 0.050000 0.624306 0.012013 0.035355 0.619312 -0.001754 0.000000 0.624306 0.012013 -0.035355 0.619312 -0.001754 0.000000 0.636364 0.045249 -0.050000 0.648421 0.078485 -0.035355 0.790870 0.047042 0.035355 0.792874 0.061549 0.000000 0.786031 0.012019 0.050000 0.781192 -0.023003 0.035355 0.779188 -0.037510 0.000000 0.781192 -0.023003 -0.035355 0.779188 -0.037510 0.000000 0.786031 0.012019 -0.050000 0.790870 0.047042 -0.035355 1.000000 0.035355 0.035355 1.000000 0.050000 0.000000 1.000000 0.000000 0.050000 1.000000 -0.035355 0.035355 1.000000 -0.050000 0.000000 1.000000 -0.035355 -0.035355 1.000000 -0.050000 0.000000 1.000000 0.000000 -0.050000 1.000000 0.035355 -0.035355 0.042913 0.559074 -0.051792 0.042913 0.610866 -0.073245 0.042913 0.559073 0.051792 0.042913 0.537620 0.000000 0.042913 0.662658 -0.051792 0.042913 0.662658 0.051792 0.042913 0.610866 0.073245 0.042913 0.537620 0.000000 0.042913 0.684111 0.000000 -0.034915 0.610866 -0.076773 -0.034915 0.665152 -0.054286 -0.034915 0.534093 0.000000 -0.034915 0.556579 -0.054286 -0.034915 0.610866 0.076773 -0.034915 0.556579 0.054287 -0.034915 0.687639 0.000000 -0.034915 0.665152 0.054287 -0.034915 0.534093 0.000000 -0.105103 0.578909 0.031957 -0.105103 0.565672 0.000000 
						-0.105103 0.642822 0.031957 -0.105103 0.610866 0.045194 -0.105103 0.610866 -0.045193 -0.105103 0.642822 -0.031956 -0.105103 0.565672 0.000000 -0.105103 0.578909 -0.031956 -0.105103 0.656059 0.000000 -0.105103 0.656059 0.000000 -0.105103 0.642822 -0.031956 -0.105103 0.610866 0.000000 -0.105103 0.610866 -0.045193 -0.105103 0.578909 -0.031956 -0.105103 0.565672 0.000000 -0.105103 0.578909 0.031957 -0.105103 0.610866 0.045194 -0.105103 0.642822 0.031957 
					</float_array>
					<technique_common>
						<accessor count="144" offset="0" source="#meshId3-positions-array" stride="3">
							<param name="X" type="float" />
							<param name="Y" type="float" />
							<param name="Z" type="float" />
						</accessor>
					</technique_common>
				</source>
				<source id="meshId3-normals" name="meshId3-normals">
					<float_array id="meshId3-normals-array" count="432"> 
						0.189404 0.699295 0.689284 0.152199 0.706366 0.691290 0.210854 0.977517 0.000000 0.200692 0.979654 0.000000 0.161352 0.009674 0.986850 0.007050 0.030305 0.999516 0.132484 -0.696266 0.705452 -0.141853 -0.677008 0.722176 0.120368 -0.992729 -0.000000 -0.204109 -0.978948 -0.000000 0.132484 -0.696266 -0.705452 -0.141853 -0.677008 -0.722176 -0.204109 -0.978948 -0.000000 0.120368 -0.992729 -0.000000 0.161352 0.009674 -0.986850 0.007050 0.030305 -0.999516 0.189404 0.699295 -0.689284 0.152199 0.706366 -0.691290 0.378074 0.624029 0.683847 0.518279 0.855212 0.000000 0.026124 0.042177 0.998769 -0.348591 -0.583376 0.733592 -0.511778 -0.859118 -0.000000 -0.348591 -0.583376 -0.733592 -0.511778 -0.859118 -0.000000 0.026124 0.042177 -0.998769 0.378074 0.624029 -0.683847 0.599825 0.417015 0.682868 0.821002 0.570926 0.000000 0.043520 0.030885 0.998575 -0.557532 -0.382288 0.736895 -0.825595 -0.564263 0.000000 -0.557531 -0.382288 -0.736895 -0.825595 -0.564263 0.000000 0.043520 0.030885 -0.998575 0.599825 0.417015 -0.682868 0.699731 0.182868 0.690606 0.967379 0.253335 0.000000 0.031343 0.009308 0.999465 -0.670558 -0.166510 0.722929 -0.971072 -0.238785 -0.000000 -0.670558 -0.166510 -0.722929 -0.971072 -0.238785 -0.000000 0.031343 0.009308 -0.999465 0.699731 0.182868 -0.690606 0.707929 0.068486 0.702955 0.995362 0.096197 0.000000 0.004700 0.000641 0.999989 -0.703335 -0.067263 0.707669 -0.995474 -0.095037 -0.000000 -0.703350 -0.067265 -0.707654 -0.995474 -0.095037 -0.000000 0.004700 0.000641 -0.999989 0.707930 0.068486 -0.702955 -0.033143 -0.007386 0.999423 0.673832 0.145424 0.724433 -0.705753 -0.157997 0.690615 -0.975614 -0.219496 -0.000000 -0.705753 -0.157997 -0.690616 -0.975614 -0.219496 -0.000000 -0.033143 -0.007386 -0.999423 0.673832 0.145424 -0.724433 0.977911 0.209023 0.000000 0.585113 0.350299 0.731391 
						0.858480 0.512848 0.000000 -0.038302 -0.023591 0.998988 -0.622474 -0.376487 0.686137 -0.855602 -0.517634 0.000000 -0.622474 -0.376487 -0.686137 -0.855602 -0.517634 0.000000 -0.038302 -0.023591 -0.998988 0.585113 0.350299 -0.731391 0.418107 0.539633 0.730741 0.612008 0.790852 0.000000 -0.027528 -0.034914 0.999011 -0.447196 -0.573759 0.686161 -0.614809 -0.788676 -0.000000 -0.447196 -0.573759 -0.686161 -0.614809 -0.788676 -0.000000 -0.027528 -0.034914 -0.999011 0.418107 0.539633 -0.730741 0.234389 0.650034 0.722854 0.338543 0.940951 0.000000 -0.011109 -0.029482 0.999504 -0.247692 -0.678649 0.691437 -0.343000 -0.939336 -0.000000 -0.247691 -0.678649 -0.691436 -0.343000 -0.939336 -0.000000 -0.011109 -0.029482 -0.999504 0.234389 0.650034 -0.722854 0.094915 0.690746 0.716841 0.135933 0.990718 0.000000 -0.002838 -0.019563 0.999805 -0.098637 -0.710144 0.697113 -0.137673 -0.990478 -0.000000 -0.098637 -0.710144 -0.697113 -0.137673 -0.990478 -0.000000 -0.002838 -0.019563 -0.999805 0.094915 0.690746 -0.716841 0.039095 0.699866 0.713203 0.055727 0.998446 0.000000 -0.000824 -0.013673 0.999906 -0.040255 -0.713473 0.699526 -0.056400 -0.998408 -0.000000 -0.040255 -0.713473 -0.699526 -0.056400 -0.998408 -0.000000 -0.000824 -0.013673 -0.999906 0.039095 0.699866 -0.713203 0.171332 -0.696651 -0.696651 0.171333 0.000000 -0.985213 0.171332 -0.696651 0.696651 0.171333 -0.985213 -0.000000 0.171332 0.696651 -0.696651 0.171332 0.696651 0.696651 0.171333 -0.000000 0.985213 0.171333 -0.985213 -0.000000 0.171333 0.985213 0.000000 -0.177988 0.000000 -0.984033 -0.177990 0.695816 -0.695816 -0.177988 -0.984033 0.000000 -0.177990 -0.695816 -0.695816 -0.177988 0.000000 0.984033 -0.177990 -0.695816 0.695816 -0.177988 0.984033 0.000000 -0.177990 0.695816 0.695816 -0.177988 -0.984033 0.000000 -0.780585 -0.441977 0.441977 -0.780595 -0.625037 0.000000 
						-0.780585 0.441977 0.441977 -0.780595 0.000000 0.625037 -0.780595 0.000000 -0.625037 -0.780585 0.441977 -0.441977 -0.780595 -0.625037 0.000000 -0.780585 -0.441977 -0.441977 -0.780595 0.625037 0.000000 -0.780595 0.625037 0.000000 -0.780585 0.441977 -0.441977 -1.000000 0.000000 0.000000 -0.780595 0.000000 -0.625037 -0.780585 -0.441977 -0.441977 -0.780595 -0.625037 0.000000 -0.780585 -0.441977 0.441977 -0.780595 0.000000 0.625037 -0.780585 0.441977 0.441977 
					</float_array>
					<technique_common>
						<accessor count="144" offset="0" source="#meshId3-normals-array" stride="3">
							<param name="X" type="float" />
							<param name="Y" type="float" />
							<param name="Z" type="float" />
						</accessor>
					</technique_common>
				</source>
				<source id="meshId3-tangents" name="meshId3-tangents">
					<float_array id="meshId3-tangents-array" count="432"> 
						0.980560 -0.171356 -0.095597 0.972015 -0.233617 0.024706 0.977503 -0.210851 0.005497 0.979647 -0.200690 -0.003821 0.981869 -0.102386 -0.159534 0.965123 -0.261793 0.001130 0.980967 -0.009829 -0.193927 0.967451 -0.249267 -0.043645 0.973067 0.117984 -0.198043 0.977122 -0.203728 -0.061045 0.983335 0.002927 0.181782 0.967027 -0.250662 0.045036 0.976830 -0.203667 0.065750 0.976412 0.118389 0.180567 0.982217 -0.098842 0.159625 0.966132 -0.258045 -0.001009 0.980298 -0.174741 0.092091 0.973617 -0.227473 -0.018076 0.850890 -0.525268 0.008896 0.855206 -0.518275 -0.003777 0.847311 -0.531097 0.000265 0.854145 -0.519979 -0.007628 0.859113 -0.511775 -0.003503 0.852756 -0.522213 0.010065 0.859115 -0.511776 0.002345 0.842845 -0.538156 -0.000680 0.847837 -0.530046 -0.014944 0.585155 -0.810701 -0.018915 0.570901 -0.820966 -0.009356 0.599717 -0.800211 -0.001387 0.598113 -0.800547 0.037219 0.562891 -0.823588 0.069694 0.599910 -0.799100 -0.039330 0.562960 -0.823690 -0.067901 0.598942 -0.800791 0.001335 0.578031 -0.815960 0.009445 0.292895 -0.955139 -0.043851 0.253331 -0.967362 -0.005867 0.342755 -0.939423 -0.002000 0.319958 -0.944105 0.079326 0.237128 -0.964333 0.117609 0.319329 -0.944372 -0.078681 0.237003 -0.963823 -0.121960 0.334370 -0.942440 0.001709 0.285310 -0.957779 0.035466 0.141407 -0.988879 -0.046066 0.096197 -0.995360 -0.002252 0.203358 -0.979105 -0.000328 0.183101 -0.979064 0.088921 0.094271 -0.987454 0.126677 0.183854 -0.978853 -0.089693 0.094250 -0.987239 -0.128362 0.203293 -0.979118 0.000328 0.139477 -0.989243 0.044087 0.291526 -0.956559 0.002599 0.240907 -0.970105 -0.029340 0.281556 -0.957077 0.068770 0.218479 -0.971096 0.096126 0.282515 -0.956717 -0.069833 0.218421 -0.970837 -0.098830 0.294003 -0.955801 -0.002687 0.245944 -0.968677 0.034312 0.209020 -0.977898 0.005187 0.521182 -0.853406 -0.008209 
						0.512839 -0.858466 0.005654 0.536362 -0.843988 0.000633 0.537032 -0.843205 0.024532 0.517280 -0.855016 0.037003 0.537075 -0.843176 -0.024586 0.517368 -0.855163 -0.032042 0.544916 -0.838490 -0.001091 0.529328 -0.848243 0.017198 0.780977 -0.624397 0.014250 0.790832 -0.611992 0.007078 0.770465 -0.637481 -0.001048 0.772741 -0.634162 -0.026654 0.788097 -0.614357 -0.038334 0.772721 -0.634185 0.026687 0.788129 -0.614382 0.037250 0.771036 -0.636791 0.001009 0.784843 -0.619636 -0.008522 0.933670 -0.357637 0.018861 0.940948 -0.338542 -0.002367 0.923185 -0.384355 -0.001076 0.925141 -0.377594 -0.039200 0.937838 -0.342453 -0.056451 0.925469 -0.376874 0.038375 0.937885 -0.342470 0.055555 0.923278 -0.384132 0.001069 0.932893 -0.359551 -0.020834 0.988819 -0.148613 0.012276 0.990716 -0.135933 -0.002026 0.985774 -0.168073 -0.000490 0.986082 -0.163970 -0.027511 0.989674 -0.137561 -0.040286 0.986003 -0.164369 0.027929 0.989666 -0.137560 0.040475 0.985501 -0.169669 0.000522 0.988451 -0.150847 -0.014477 0.998036 -0.062312 0.006439 0.998419 -0.055725 -0.007346 0.996924 -0.078368 -0.000250 0.996828 -0.076782 -0.020950 0.997923 -0.056372 -0.031169 0.996677 -0.078291 0.022498 0.997916 -0.056372 0.031406 0.996346 -0.085405 0.000347 0.997354 -0.071108 -0.015107 0.985141 0.112581 0.129701 0.984946 0.023276 0.171287 0.979086 0.041656 -0.199138 0.963760 0.167603 -0.207548 0.984575 -0.095618 0.146525 0.983994 -0.156162 -0.085838 0.982969 -0.067453 -0.170943 0.981461 0.170681 0.087187 0.984345 -0.171183 0.041963 0.971279 0.160478 -0.175682 0.978457 0.200309 -0.049981 0.927083 -0.167687 -0.335259 0.958496 0.037450 -0.282634 0.983210 0.040876 0.177840 0.978056 -0.047281 0.202907 0.982290 0.177673 0.059484 0.983947 0.116514 0.135181 0.964616 -0.174476 0.197670 0.597530 -0.320152 0.735160 0.525837 -0.656705 0.540587 
						0.620687 0.631500 0.464709 0.613750 0.189187 0.766498 0.620574 0.119296 -0.775020 0.624967 0.563339 -0.540430 0.493535 -0.616365 -0.613610 0.597464 -0.319850 -0.735345 0.624068 0.779384 -0.055682 0.552120 0.689530 -0.468734 0.552129 0.819012 -0.156117 0.000000 0.923880 -0.382684 0.192294 0.951499 -0.240151 -0.192295 0.842621 -0.503004 -0.552120 0.689531 -0.468733 -0.552129 0.819013 -0.156116 -0.192294 0.951499 -0.240151 0.192294 0.842620 -0.503005 
					</float_array>
					<technique_common>
						<accessor count="144" offset="0" source="#meshId3-tangents-array" stride="3">
							<param name="X" type="float" />
							<param name="Y" type="float" />
							<param name="Z" type="float" />
						</accessor>
					</technique_common>
				</source>
				<source id="meshId3-bitangents" name="meshId3-bitangents">
					<float_array id="meshId3-bitangents-array" count="432"> 
						0.051263 0.693991 -0.718156 0.178948 0.668184 -0.722155 0.005374 -0.001159 -0.999985 -0.003743 0.000767 -0.999993 0.099496 0.994698 -0.026019 0.261700 0.964648 -0.031094 0.141959 0.717717 0.681711 0.209563 0.692479 0.690331 0.196603 0.023838 0.980193 0.059759 -0.012460 0.998135 -0.124503 -0.717778 0.685050 -0.211511 -0.691975 0.690242 -0.064366 0.013420 0.997836 -0.179255 -0.021735 0.983563 -0.095998 -0.995056 -0.025451 -0.257951 -0.965658 -0.031098 -0.056047 -0.693147 -0.718614 -0.170018 -0.670300 -0.722351 0.364755 0.578516 -0.729571 -0.003230 0.001958 -0.999993 0.530454 0.846261 -0.049612 0.385902 0.623935 0.679548 0.003009 -0.001793 0.999994 -0.388962 -0.622066 0.679516 -0.002015 0.001200 0.999997 -0.537522 -0.841789 -0.049608 -0.371796 -0.574142 -0.729472 0.545714 0.410930 -0.730297 -0.005341 0.007681 -0.999956 0.799028 0.598923 -0.053347 0.575691 0.461497 0.674982 -0.039326 0.057539 0.997568 -0.573818 -0.463998 0.674862 0.038314 -0.056059 0.997692 -0.799609 -0.598147 -0.053349 -0.553254 -0.400384 -0.730481 0.651605 0.232959 -0.721901 -0.001486 0.005675 -0.999983 0.938902 0.342635 -0.032635 0.669312 0.284499 0.686354 -0.028083 0.114207 0.993060 -0.669612 -0.283613 0.686428 0.029122 -0.118432 0.992535 -0.941921 -0.334244 -0.032651 -0.654962 -0.221853 -0.722361 0.691983 0.132014 -0.709741 -0.000217 0.002241 -0.999997 0.979093 0.203357 -0.004732 0.686872 0.192116 0.700926 -0.012039 0.126103 0.991944 -0.686656 -0.193190 0.700844 0.012199 -0.127781 0.991727 -0.979107 -0.203292 -0.004732 -0.692374 -0.129257 -0.709867 0.955989 0.291444 0.033857 0.698509 0.194291 -0.688721 0.650107 0.242982 0.719945 -0.021099 0.093782 0.995369 -0.649691 -0.244394 0.719843 0.021693 -0.096420 0.995104 -0.955230 -0.293923 0.033850 -0.696751 -0.201290 -0.688491 0.001084 -0.005073 -0.999987 0.621298 0.385991 -0.681909 
						0.002900 -0.004854 -0.999984 0.843118 0.535844 0.044980 0.569318 0.383749 0.727059 -0.019154 0.031660 0.999315 -0.569278 -0.383811 0.727057 0.016586 -0.027415 0.999487 -0.837615 -0.544406 0.044971 -0.614373 -0.397209 -0.681741 0.463962 0.564734 -0.682506 0.005598 -0.004332 -0.999975 0.636887 0.769675 0.044449 0.450430 0.518305 0.726962 0.030233 -0.023568 0.999265 -0.450465 -0.518276 0.726960 -0.029378 0.022902 0.999306 -0.636196 -0.770246 0.044450 -0.457393 -0.569954 -0.682601 0.270779 0.670486 -0.690744 -0.002227 0.000801 -0.999997 0.384196 0.922714 0.031487 0.287685 0.629967 0.721373 0.053026 -0.019363 0.998405 -0.286627 -0.630398 0.721417 -0.052185 0.019055 0.998456 -0.383973 -0.922807 0.031487 -0.273446 -0.669461 -0.690687 0.115011 0.707661 -0.697129 -0.002007 0.000275 -0.999998 0.168049 0.985581 0.019761 0.133842 0.684696 0.716434 0.039902 -0.005546 0.999188 -0.134417 -0.684601 0.716417 -0.040090 0.005572 0.999181 -0.169646 -0.985307 0.019761 -0.118134 -0.707188 -0.697087 0.048948 0.711551 -0.700928 -0.007335 0.000409 -0.999973 0.078364 0.996831 0.013695 0.068658 0.696463 0.714300 0.031119 -0.001758 0.999514 -0.070818 -0.696295 0.714253 -0.031356 0.001771 0.999507 -0.085402 -0.996252 0.013693 -0.061288 -0.710726 -0.700795 -0.011926 -0.708522 0.705588 0.022932 -0.999729 0.003988 0.109710 0.716200 0.689218 0.204479 0.035560 0.978225 0.035465 -0.711010 -0.702287 0.048991 0.700208 -0.712256 0.066456 0.997722 -0.011557 -0.085898 -0.014938 0.996192 0.041343 -0.007190 -0.999119 0.157916 -0.987039 -0.028563 0.104601 -0.689722 -0.716479 0.329906 -0.059672 0.942126 0.222719 -0.717243 0.660271 -0.040223 0.999164 -0.007275 -0.108287 0.716662 0.688962 0.058534 0.010587 -0.998229 0.012989 0.708706 -0.705384 -0.194513 0.035183 0.980269 -0.183424 0.837950 0.514000 -0.337887 0.421979 0.841288 
						-0.073718 0.637075 -0.767269 -0.118249 0.981941 -0.147679 0.074564 -0.992859 -0.093122 0.010126 -0.698073 -0.715955 0.383529 -0.478981 0.789609 0.183639 -0.838065 0.513735 -0.034804 -0.043465 -0.998448 -0.292976 -0.365892 -0.883339 0.292984 -0.365891 -0.883337 0.000000 -0.382684 -0.923880 0.594723 -0.307652 -0.742735 0.594735 -0.307648 -0.742727 0.292976 -0.365891 -0.883340 -0.292985 -0.365890 -0.883337 -0.594723 -0.307651 -0.742735 -0.594735 -0.307648 -0.742727 
					</float_array>
					<technique_common>
						<accessor count="144" offset="0" source="#meshId3-bitangents-array" stride="3">
							<param name="X" type="float" />
							<param name="Y" type="float" />
							<param name="Z" type="float" />
						</accessor>
					</technique_common>
				</source>
				<source id="meshId3-tex0" name="meshId3-tex0">
					<float_array id="meshId3-tex0-array" count="288"> 
						0.136550 0.095599 0.231253 0.099552 0.230814 0.120973 0.135506 0.120084 0.138835 0.070957 0.232657 0.077496 0.142212 0.045979 0.234662 0.054104 0.146808 0.020914 0.236504 0.029166 0.140595 0.195309 0.234199 0.188255 0.236012 0.213514 0.144520 0.221523 0.137731 0.169611 0.232280 0.164616 0.135983 0.144645 0.231036 0.142428 0.290568 0.101914 0.290516 0.121185 0.291543 0.081177 0.293032 0.057594 0.293618 0.031457 0.292851 0.184931 0.293440 0.211181 0.291393 0.161257 0.290483 0.140472 0.335133 0.102256 0.335248 0.121252 0.334570 0.081013 0.333412 0.056399 0.331675 0.029783 0.333320 0.186177 0.331576 0.212846 0.334498 0.161524 0.335095 0.140258 0.377469 0.100150 0.377923 0.121283 0.375347 0.077712 0.371880 0.052850 0.368160 0.025864 0.371831 0.189746 0.368108 0.216759 0.375311 0.164865 0.377450 0.142417 0.424213 0.096468 0.425331 0.121297 0.421175 0.071467 0.417113 0.045763 0.413064 0.018959 0.417088 0.196846 0.413037 0.223662 0.421156 0.171133 0.424203 0.146127 0.528772 0.059629 0.531364 0.089432 0.525955 0.032021 0.523217 0.005320 0.525947 0.210600 0.523209 0.237305 0.528767 0.182990 0.531361 0.153185 0.532723 0.121309 0.587748 0.087225 
						0.588112 0.121311 0.587013 0.055253 0.586075 0.026409 0.585126 0.000055 0.586072 0.216215 0.585123 0.242570 0.587010 0.187369 0.587746 0.155396 0.651008 0.087061 0.649859 0.121311 0.652753 0.055746 0.654190 0.027504 0.655185 0.000888 0.654189 0.215120 0.655184 0.241737 0.652752 0.186878 0.651007 0.155562 0.734257 0.090261 0.733398 0.121312 0.735990 0.060846 0.737843 0.033196 0.739475 0.006659 0.737842 0.209429 0.739475 0.235965 0.735990 0.181778 0.734257 0.152363 0.846891 0.093197 0.846486 0.121312 0.847799 0.065769 0.848929 0.039061 0.850087 0.012719 0.848929 0.203564 0.850087 0.229905 0.847799 0.176856 0.846891 0.149427 0.994421 0.095691 0.993726 0.121312 0.996302 0.070044 0.998470 0.044136 0.999945 0.017883 0.998470 0.198489 0.999945 0.224741 0.996302 0.172580 0.994421 0.146933 0.091614 0.199843 0.092039 0.170767 0.096983 0.037060 0.101573 0.004475 0.092550 0.144157 0.093794 0.092619 0.094894 0.065885 0.092314 0.235164 0.093090 0.118430 0.055768 0.169017 0.058208 0.143518 0.041539 0.228644 0.050921 0.196434 0.058264 0.066952 0.056052 0.037707 0.059226 0.118591 0.059223 0.093371 0.050899 0.001441 0.008155 0.048589 0.000055 0.025169 
						0.015434 0.094931 0.012808 0.071934 0.014627 0.161527 0.016472 0.139746 0.001396 0.202457 0.010186 0.182791 0.016625 0.117539 0.055799 0.259007 0.055799 0.282097 0.027927 0.270552 0.039472 0.298424 0.016382 0.298424 0.000055 0.282097 0.000055 0.259007 0.016382 0.242680 0.039472 0.242680 
					</float_array>
					<technique_common>
						<accessor count="144" offset="0" source="#meshId3-tex0-array" stride="2">
							<param name="S" type="float" />
							<param name="T" type="float" />
						</accessor>
					</technique_common>
				</source>
				<vertices id="meshId3-vertices">
					<input semantic="POSITION" source="#meshId3-positions" />
				</vertices>
				<polylist count="232" material="defaultMaterial">
					<input offset="0" semantic="VERTEX" source="#meshId3-vertices" />
					<input offset="0" semantic="NORMAL" source="#meshId3-normals" />
					<input offset="0" semantic="TANGENT" source="#meshId3-tangents" />
					<input offset="0" semantic="BINORMAL" source="#meshId3-bitangents" />
					<input offset="0" semantic="TEXCOORD" source="#meshId3-tex0" set="0" />
					<vcount>
						3 3 3 3 3 3 3 3 3 3 3 3 3 3 3 3 3 3 3 3 3 3 3 3 3 3 3 3 3 3 3 3 3 3 3 3 3 3 3 3 3 3 3 3 3 3 3 3 3 3 3 3 3 3 3 3 3 3 3 3 3 3 3 3 
						3 3 3 3 3 3 3 3 3 3 3 3 3 3 3 3 3 3 3 3 3 3 3 3 3 3 3 3 3 3 3 3 3 3 3 3 3 3 3 3 3 3 3 3 3 3 3 3 3 3 3 3 3 3 3 3 3 3 3 3 3 3 3 3 
						3 3 3 3 3 3 3 3 3 3 3 3 3 3 3 3 3 3 3 3 3 3 3 3 3 3 3 3 3 3 3 3 3 3 3 3 3 3 3 3 3 3 3 3 3 3 3 3 3 3 3 3 3 3 3 3 3 3 3 3 3 3 3 3 
						3 3 3 3 3 3 3 3 3 3 3 3 3 3 3 3 3 3 3 3 3 3 3 3 3 3 3 3 3 3 3 3 3 3 3 3 3 3 3 3 
					</vcount>
					<p>
						3 0 1 1 2 3 0 4 5 5 1 0 4 6 7 7 5 4 6 8 9 9 7 6 13 10 11 11 12 13 10 14 15 15 11 10 14 16 17 17 15 14 16 3 2 2 17 16 2 1 18 18 19 2 1 5 20 20 18 1 5 7 21 21 20 5 7 9 22 22 21 7 12 11 23 23 24 12 11 15 25 25 23 11 15 17 26 26 25 15 17 2 19 19 26 17 19 18 27 27 28 19 18 20 29 29 27 18 20 21 30 30 29 20 21 22 31 31 30 21 24 23 32 32 33 24 23 25 34 34 32 23 25 26 35 35 34 25 26 19 28 28 35 26 28 27 36 36 37 28 27 29 38 38 36 27 29 30 39 39 38 29 30 31 40 40 39 30 33 32 41 41 42 33 32 34 43 43 41 32 34 35 44 44 43 34 35 28 37 37 44 35 
						37 36 45 45 46 37 36 38 47 47 45 36 38 39 48 48 47 38 39 40 49 49 48 39 42 41 50 50 51 42 41 43 52 52 50 41 43 44 53 53 52 43 44 37 46 46 53 44 45 47 54 54 55 45 47 48 56 56 54 47 48 49 57 57 56 48 51 50 58 58 59 51 50 52 60 60 58 50 52 53 61 61 60 52 53 46 62 62 61 53 62 55 63 63 64 62 55 54 65 65 63 55 54 56 66 66 65 54 56 57 67 67 66 56 59 58 68 68 69 59 58 60 70 70 68 58 60 61 71 71 70 60 61 62 64 64 71 61 64 63 72 72 73 64 63 65 74 74 72 63 65 66 75 75 74 65 66 67 76 76 75 66 69 68 77 77 78 69 68 70 79 79 77 68 70 71 80 80 79 70 71 64 73 73 80 71 73 72 81 81 82 73 
						72 74 83 83 81 72 74 75 84 84 83 74 75 76 85 85 84 75 78 77 86 86 87 78 77 79 88 88 86 77 79 80 89 89 88 79 80 73 82 82 89 80 82 81 90 90 91 82 81 83 92 92 90 81 83 84 93 93 92 83 84 85 94 94 93 84 87 86 95 95 96 87 86 88 97 97 95 86 88 89 98 98 97 88 89 82 91 91 98 89 91 90 99 99 100 91 90 92 101 101 99 90 92 93 102 102 101 92 93 94 103 103 102 93 96 95 104 104 105 96 95 97 106 106 104 95 97 98 107 107 106 97 98 91 100 100 107 98 46 45 55 55 62 46 109 14 10 10 108 109 111 8 6 6 110 111 112 16 14 14 109 112 114 4 0 0 113 114 108 10 13 13 115 108 116 3 16 16 112 116 113 0 3 3 116 113 110 6 4 4 114 110 
						118 112 109 109 117 118 120 108 115 115 119 120 122 110 114 114 121 122 124 113 116 116 123 124 123 116 112 112 118 123 117 109 108 108 120 117 125 111 110 110 122 125 121 114 113 113 124 121 127 125 122 122 126 127 129 121 124 124 128 129 131 118 117 117 130 131 133 120 119 119 132 133 126 122 121 121 129 126 128 124 123 123 134 128 134 123 118 118 131 134 130 117 120 120 133 130 135 136 137 136 138 137 138 139 137 139 140 137 140 141 137 141 142 137 142 143 137 143 135 137 
					</p>
				</polylist>
			</mesh>
		</geometry>
		<geometry id="meshId4" name="meshId4_name" >
			<mesh>
				<source id="meshId4-positions" name="meshId4-positions">
					<float_array id="meshId4-positions-array" count="255"> 
						0.288600 0.696743 -0.006847 0.000000 0.754149 -0.006847 0.000000 0.754149 0.006847 0.288600 0.696743 0.006847 0.533264 0.533264 -0.006847 0.533264 0.533264 0.006847 0.696743 0.288600 -0.006847 0.696743 0.288600 0.006847 0.754149 -0.000000 -0.006847 0.754149 -0.000000 0.006847 0.696743 -0.288601 -0.006847 0.696743 -0.288601 0.006847 0.533264 -0.533264 -0.006847 0.533264 -0.533264 0.006847 0.288601 -0.696743 -0.006847 0.288601 -0.696743 0.006847 0.000000 -0.754149 -0.006847 0.288601 -0.696743 -0.006847 0.288601 -0.696743 0.006847 0.000000 -0.754149 0.006847 -0.288600 -0.696743 -0.006847 -0.288600 -0.696743 0.006847 -0.533264 -0.533264 -0.006847 -0.533264 -0.533264 0.006847 -0.696743 -0.288601 -0.006847 -0.696743 -0.288601 0.006847 -0.754149 -0.000000 -0.006847 -0.754149 -0.000000 0.006847 -0.696743 0.288601 -0.006847 -0.696743 0.288601 0.006847 -0.533264 0.533264 -0.006847 -0.533264 0.533264 0.006847 -0.288600 0.696743 -0.006847 -0.288600 0.696743 0.006847 -0.288600 0.696743 0.006847 0.000000 -0.000000 0.006846 0.000000 0.754149 0.006847 -0.533264 -0.533264 0.006847 -0.696743 -0.288601 0.006847 0.696743 -0.288601 0.006847 0.533264 -0.533264 0.006847 0.288600 0.696743 0.006847 -0.754149 -0.000000 0.006847 -0.696743 0.288601 0.006847 0.288601 -0.696743 0.006847 0.000000 -0.754149 0.006847 0.533264 0.533264 0.006847 0.696743 0.288600 0.006847 -0.533264 0.533264 0.006847 -0.288600 -0.696743 0.006847 0.754149 -0.000000 0.006847 0.000000 0.754149 0.006847 0.000000 0.754149 -0.006847 0.288600 0.696743 -0.006847 0.288600 0.696743 0.006847 0.533264 0.533264 -0.006847 0.533264 0.533264 0.006847 0.696743 0.288600 -0.006847 0.696743 0.288600 0.006847 0.754149 -0.000000 -0.006847 0.754149 -0.000000 0.006847 0.696743 -0.288601 -0.006847 0.696743 -0.288601 0.006847 0.533264 -0.533264 -0.006847 
						0.533264 -0.533264 0.006847 0.288601 -0.696743 -0.006847 0.288601 -0.696743 0.006847 0.288601 -0.696743 0.006847 0.288601 -0.696743 -0.006847 0.000000 -0.754149 -0.006847 0.000000 -0.754149 0.006847 -0.288600 -0.696743 -0.006847 -0.288600 -0.696743 0.006847 -0.533264 -0.533264 -0.006847 -0.533264 -0.533264 0.006847 -0.696743 -0.288601 -0.006847 -0.696743 -0.288601 0.006847 -0.754149 -0.000000 -0.006847 -0.754149 -0.000000 0.006847 -0.696743 0.288601 -0.006847 -0.696743 0.288601 0.006847 -0.533264 0.533264 -0.006847 -0.533264 0.533264 0.006847 -0.288600 0.696743 -0.006847 -0.288600 0.696743 0.006847 
					</float_array>
					<technique_common>
						<accessor count="85" offset="0" source="#meshId4-positions-array" stride="3">
							<param name="X" type="float" />
							<param name="Y" type="float" />
							<param name="Z" type="float" />
						</accessor>
					</technique_common>
				</source>
				<source id="meshId4-normals" name="meshId4-normals">
					<float_array id="meshId4-normals-array" count="255"> 
						0.267958 0.646914 0.713934 0.000000 0.700207 0.713940 -0.000000 0.746201 0.665721 0.285541 0.689406 0.665722 0.495118 0.495118 0.713944 0.527647 0.527647 0.665716 0.646914 0.267958 0.713934 0.689406 0.285541 0.665722 0.700207 0.000000 0.713940 0.746201 0.000000 0.665721 0.646914 -0.267958 0.713934 0.689406 -0.285541 0.665722 0.495118 -0.495118 0.713944 0.527647 -0.527647 0.665716 0.267958 -0.646914 0.713934 0.285541 -0.689406 0.665722 -0.000000 -0.700207 0.713940 0.267958 -0.646914 0.713934 0.285541 -0.689406 0.665722 -0.000000 -0.746201 0.665721 -0.267958 -0.646914 0.713934 -0.285541 -0.689406 0.665722 -0.495118 -0.495118 0.713944 -0.527647 -0.527647 0.665716 -0.646914 -0.267958 0.713934 -0.689406 -0.285541 0.665722 -0.700207 0.000000 0.713940 -0.746201 -0.000000 0.665721 -0.646914 0.267958 0.713934 -0.689406 0.285541 0.665722 -0.495118 0.495118 0.713944 -0.527647 0.527647 0.665716 -0.267958 0.646914 0.713934 -0.285541 0.689406 0.665723 -0.285541 0.689406 0.665723 -0.000000 0.000000 1.000000 -0.000000 0.746201 0.665721 -0.527647 -0.527647 0.665716 -0.689406 -0.285541 0.665722 0.689406 -0.285541 0.665722 0.527647 -0.527647 0.665716 0.285541 0.689406 0.665722 -0.746201 -0.000000 0.665721 -0.689406 0.285541 0.665722 0.285541 -0.689406 0.665722 -0.000000 -0.746201 0.665721 0.527647 0.527647 0.665716 0.689406 0.285541 0.665722 -0.527647 0.527647 0.665716 -0.285541 -0.689406 0.665722 0.746201 0.000000 0.665721 0.000000 -1.000000 0.000000 -0.000000 -0.700207 0.713940 -0.267958 -0.646914 0.713934 -0.382681 -0.923880 -0.000000 -0.495118 -0.495118 0.713944 -0.707107 -0.707107 0.000000 -0.646914 -0.267958 0.713934 -0.923880 -0.382682 0.000000 -0.700207 0.000000 0.713940 -1.000000 0.000000 0.000000 -0.646914 0.267958 0.713934 -0.923880 0.382681 -0.000000 -0.495118 0.495118 0.713944 
						-0.707107 0.707107 0.000000 -0.267958 0.646914 0.713934 -0.382682 0.923880 0.000000 -0.382682 0.923880 0.000000 -0.267958 0.646914 0.713934 0.000000 0.700207 0.713940 0.000000 1.000000 0.000000 0.267958 0.646914 0.713934 0.382681 0.923880 0.000000 0.495118 0.495118 0.713944 0.707107 0.707107 -0.000000 0.646914 0.267958 0.713934 0.923880 0.382682 -0.000000 0.700207 0.000000 0.713940 1.000000 0.000000 0.000000 0.646914 -0.267958 0.713934 0.923880 -0.382681 0.000000 0.495118 -0.495118 0.713944 0.707107 -0.707107 -0.000000 0.267958 -0.646914 0.713934 0.382682 -0.923880 0.000000 
					</float_array>
					<technique_common>
						<accessor count="85" offset="0" source="#meshId4-normals-array" stride="3">
							<param name="X" type="float" />
							<param name="Y" type="float" />
							<param name="Z" type="float" />
						</accessor>
					</technique_common>
				</source>
				<source id="meshId4-tangents" name="meshId4-tangents">
					<float_array id="meshId4-tangents-array" count="255"> 
						0.272998 0.659677 -0.700213 -0.000244 0.713940 -0.700206 -0.000228 0.665721 -0.746201 0.254547 0.615136 -0.746199 0.504643 0.505026 -0.700203 0.470553 0.470912 -0.746205 0.659508 0.273407 -0.700213 0.614977 0.254930 -0.746199 0.713940 0.000137 -0.700207 0.665721 0.000127 -0.746201 0.659628 -0.273115 -0.700213 0.615090 -0.254658 -0.746199 0.504882 -0.504786 -0.700203 0.470776 -0.470689 -0.746205 0.273101 -0.659634 -0.700213 0.254641 -0.615097 -0.746199 0.000493 -0.713940 -0.700206 0.273612 -0.659422 -0.700213 0.255125 -0.614896 -0.746199 0.000463 -0.665721 -0.746201 -0.272725 -0.659790 -0.700213 -0.254292 -0.615242 -0.746199 -0.504485 -0.505183 -0.700203 -0.470405 -0.471059 -0.746205 -0.659424 -0.273609 -0.700213 -0.614898 -0.255120 -0.746199 -0.713940 -0.000376 -0.700207 -0.665721 -0.000351 -0.746201 -0.659700 0.272941 -0.700213 -0.615157 0.254496 -0.746199 -0.505058 0.504611 -0.700203 -0.470942 0.470522 -0.746205 -0.273474 0.659480 -0.700213 -0.254994 0.614951 -0.746199 0.949333 0.298619 0.097944 0.980785 0.195090 -0.000000 0.991346 0.087392 -0.097957 0.833165 -0.168680 0.526671 0.698854 -0.020379 0.714974 0.705191 0.474667 -0.526685 0.837389 0.454757 -0.303275 0.947681 -0.099671 -0.303261 0.637857 0.286286 0.714968 0.705191 0.474667 0.526685 0.949333 0.298619 -0.097944 0.991346 0.087392 0.097956 0.833165 -0.168680 -0.526672 0.698853 -0.020379 -0.714974 0.837389 0.454757 0.303275 0.947681 -0.099671 0.303261 0.637857 0.286286 -0.714968 0.000060 0.000000 1.000000 0.000086 0.713940 0.700207 0.273301 0.659552 0.700213 0.000065 -0.000027 1.000000 0.504885 0.504784 0.700203 0.000036 -0.000036 1.000000 0.659628 0.273116 0.700213 0.000027 -0.000065 1.000000 0.713940 -0.000184 0.700206 -0.000000 -0.000130 1.000000 0.659503 -0.273418 0.700213 -0.000061 -0.000147 1.000000 0.504711 -0.504958 0.700203 
						-0.000085 -0.000085 1.000000 0.273193 -0.659596 0.700213 -0.000009 -0.000004 1.000000 0.000132 0.000055 1.000000 0.273397 -0.659512 0.700213 0.000204 -0.713940 0.700206 0.000143 -0.000000 1.000000 -0.273021 -0.659667 0.700213 0.000131 -0.000054 1.000000 -0.504731 -0.504937 0.700203 0.000072 -0.000072 1.000000 -0.659545 -0.273316 0.700213 0.000031 -0.000074 1.000000 -0.713940 -0.000030 0.700206 0.000000 -0.000020 1.000000 -0.659579 0.273234 0.700213 0.000008 0.000018 1.000000 -0.504814 0.504855 0.700203 0.000014 0.000014 1.000000 -0.273156 0.659612 0.700213 0.000037 0.000015 1.000000 
					</float_array>
					<technique_common>
						<accessor count="85" offset="0" source="#meshId4-tangents-array" stride="3">
							<param name="X" type="float" />
							<param name="Y" type="float" />
							<param name="Z" type="float" />
						</accessor>
					</technique_common>
				</source>
				<source id="meshId4-bitangents" name="meshId4-bitangents">
					<float_array id="meshId4-bitangents-array" count="255"> 
						-0.923943 0.382530 0.000160 -1.000000 -0.000174 0.000171 -1.000000 -0.000152 0.000170 -0.923944 0.382528 0.000160 -0.707243 0.706970 0.000190 -0.707226 0.706987 0.000190 -0.382822 0.923822 0.000150 -0.382783 0.923838 0.000149 -0.000097 1.000000 0.000096 -0.000085 1.000000 0.000095 0.382614 0.923908 0.000071 0.382602 0.923913 0.000070 0.707072 0.707141 0.000048 0.707078 0.707136 0.000046 0.923913 0.382604 -0.000081 0.923918 0.382591 -0.000084 1.000000 0.000352 0.000345 0.923761 0.382969 0.000306 0.923784 0.382913 0.000307 1.000000 0.000308 0.000346 0.924024 -0.382336 0.000366 0.924014 -0.382358 0.000366 0.707356 -0.706858 0.000345 0.707324 -0.706889 0.000345 0.382966 -0.923762 0.000304 0.382910 -0.923786 0.000303 0.000268 -1.000000 0.000263 0.000234 -1.000000 0.000262 -0.382490 -0.923960 0.000202 -0.382494 -0.923958 0.000202 -0.706947 -0.707266 0.000221 -0.706967 -0.707246 0.000221 -0.923802 -0.382870 0.000201 -0.923821 -0.382826 0.000201 -0.131274 0.659960 -0.739744 -0.195090 0.980785 0.000000 -0.131274 0.659960 -0.739743 -0.165604 0.832548 0.528620 -0.190588 0.958150 0.213600 -0.165607 0.832561 0.528599 -0.142717 0.717485 0.681797 -0.142717 0.717486 -0.681796 -0.190587 0.958144 -0.213627 -0.165607 0.832561 -0.528599 -0.131274 0.659960 0.739744 -0.131274 0.659960 0.739743 -0.165604 0.832548 -0.528620 -0.190588 0.958150 -0.213600 -0.142717 0.717485 -0.681797 -0.142716 0.717486 0.681797 -0.190587 0.958144 0.213627 -1.000000 0.000000 0.000060 -1.000000 0.000061 0.000060 -0.923854 0.382746 0.000070 -0.923880 0.382681 0.000070 -0.707071 0.707143 0.000050 -0.707107 0.707107 0.000050 -0.382614 0.923908 0.000070 -0.382681 0.923880 0.000071 0.000132 1.000000 0.000129 0.000000 1.000000 0.000130 0.382830 0.923819 0.000159 0.382681 0.923880 0.000159 0.707195 0.707019 0.000122 
						0.707107 0.707107 0.000120 0.923885 0.382669 0.000012 0.923880 0.382682 0.000009 0.923880 0.382682 -0.000143 0.923825 0.382815 -0.000143 1.000000 0.000145 -0.000143 1.000000 0.000000 -0.000143 0.923936 -0.382546 -0.000142 0.923880 -0.382681 -0.000142 0.707180 -0.707033 -0.000102 0.707107 -0.707107 -0.000101 0.382757 -0.923849 -0.000081 0.382681 -0.923880 -0.000080 0.000021 -1.000000 -0.000021 0.000000 -1.000000 -0.000020 -0.382699 -0.923873 0.000020 -0.382682 -0.923880 0.000020 -0.707121 -0.707092 0.000020 -0.707107 -0.707107 0.000020 -0.923896 -0.382643 0.000040 -0.923880 -0.382682 0.000040 
					</float_array>
					<technique_common>
						<accessor count="85" offset="0" source="#meshId4-bitangents-array" stride="3">
							<param name="X" type="float" />
							<param name="Y" type="float" />
							<param name="Z" type="float" />
						</accessor>
					</technique_common>
				</source>
				<source id="meshId4-tex0" name="meshId4-tex0">
					<float_array id="meshId4-tex0-array" count="170"> 
						0.345207 0.378284 0.345211 0.440961 0.342301 0.440961 0.342292 0.378285 0.345202 0.315498 0.342282 0.315498 0.345198 0.252600 0.342272 0.252600 0.345196 0.189589 0.342265 0.189589 0.345198 0.126464 0.342262 0.126464 0.345200 0.063224 0.342259 0.063224 0.345204 0.000043 0.342264 0.000043 0.345295 0.938331 0.345312 0.999948 0.342452 0.999949 0.342428 0.938332 0.345280 0.876548 0.342406 0.876549 0.345264 0.814655 0.342385 0.814656 0.345251 0.752650 0.342367 0.752651 0.345238 0.690535 0.342349 0.690535 0.345231 0.628309 0.342336 0.628310 0.345223 0.565971 0.342324 0.565972 0.345216 0.503522 0.342311 0.503523 0.137081 0.342173 0.171108 0.171108 0.205135 0.342173 0.026086 0.074207 0.000043 0.137081 0.316130 0.074207 0.268009 0.026086 0.268009 0.316130 0.000043 0.205135 0.026086 0.268009 0.205135 0.000043 0.137081 0.000043 0.316130 0.268009 0.342173 0.205135 0.074207 0.316130 0.074207 0.026086 0.342173 0.137081 0.349211 0.440970 0.346301 0.440970 0.346299 0.378294 0.349214 0.378294 0.346296 0.315507 0.349217 0.315507 0.346293 0.252609 0.349219 0.252609 0.346294 0.189598 0.349225 0.189599 0.346298 0.126473 0.349234 0.126474 0.346302 0.063234 
						0.349243 0.063234 0.346304 0.000052 0.349244 0.000052 0.349244 0.999957 0.346384 0.999957 0.346371 0.938340 0.349238 0.938340 0.346356 0.876557 0.349230 0.876556 0.346342 0.814664 0.349221 0.814663 0.346331 0.752659 0.349215 0.752659 0.346320 0.690544 0.349209 0.690544 0.346315 0.628319 0.349209 0.628319 0.346309 0.565980 0.349209 0.565981 0.346303 0.503532 0.349208 0.503532 
					</float_array>
					<technique_common>
						<accessor count="85" offset="0" source="#meshId4-tex0-array" stride="2">
							<param name="S" type="float" />
							<param name="T" type="float" />
						</accessor>
					</technique_common>
				</source>
				<vertices id="meshId4-vertices">
					<input semantic="POSITION" source="#meshId4-positions" />
				</vertices>
				<polylist count="80" material="defaultMaterial">
					<input offset="0" semantic="VERTEX" source="#meshId4-vertices" />
					<input offset="0" semantic="NORMAL" source="#meshId4-normals" />
					<input offset="0" semantic="TANGENT" source="#meshId4-tangents" />
					<input offset="0" semantic="BINORMAL" source="#meshId4-bitangents" />
					<input offset="0" semantic="TEXCOORD" source="#meshId4-tex0" set="0" />
					<vcount>
						3 3 3 3 3 3 3 3 3 3 3 3 3 3 3 3 3 3 3 3 3 3 3 3 3 3 3 3 3 3 3 3 3 3 3 3 3 3 3 3 3 3 3 3 3 3 3 3 3 3 3 3 3 3 3 3 3 3 3 3 3 3 3 3 
						3 3 3 3 3 3 3 3 3 3 3 3 3 3 3 3 
					</vcount>
					<p>
						0 1 2 2 3 0 4 0 3 3 5 4 6 4 5 5 7 6 8 6 7 7 9 8 10 8 9 9 11 10 12 10 11 11 13 12 14 12 13 13 15 14 16 17 18 18 19 16 20 16 19 19 21 20 22 20 21 21 23 22 24 22 23 23 25 24 26 24 25 25 27 26 28 26 27 27 29 28 30 28 29 29 31 30 32 30 31 31 33 32 1 32 33 33 2 1 34 35 36 37 35 38 39 35 40 36 35 41 42 35 43 44 35 45 46 35 47 48 35 34 49 35 37 50 35 39 38 35 42 40 35 44 41 35 46 43 35 48 45 35 49 51 52 53 53 54 51 54 53 55 55 56 54 56 55 57 57 58 56 58 57 59 59 60 58 60 59 61 61 62 60 62 61 63 63 64 62 64 63 65 65 66 64 67 68 69 69 70 67 70 69 71 
						71 72 70 72 71 73 73 74 72 74 73 75 75 76 74 76 75 77 77 78 76 78 77 79 79 80 78 80 79 81 81 82 80 82 81 83 83 84 82 84 83 52 52 51 84 47 35 50 
					</p>
				</polylist>
			</mesh>
		</geometry>
	</library_geometries>
	<library_visual_scenes>
		<visual_scene id="RootNode" name="RootNode">
			<node id="Cube" name="Cube">
				<matrix>100.000000 0.000000 0.000000 0.000000 0.000000 -0.000016 100.000000 56.055641 0.000000 -100.000000 -0.000016 0.000000 0.000000 0.000000 0.000000 1.000000</matrix>
				<instance_geometry url="#meshId0">
					<bind_material>
						<technique_common>
							<instance_material symbol="defaultMaterial" target="#Music_Box" />
						</technique_common>
					</bind_material>
				</instance_geometry>
			</node>
			<node id="Cube.001" name="Cube.001">
				<matrix>100.000000 0.000000 0.000000 -0.030410 0.000000 5.638583 99.840904 174.549759 0.000000 -99.840904 5.638583 120.027336 0.000000 0.000000 0.000000 1.000000</matrix>
				<instance_geometry url="#meshId1">
					<bind_material>
						<technique_common>
							<instance_material symbol="defaultMaterial" target="#Music_Box_Cover" />
						</technique_common>
					</bind_material>
				</instance_geometry>
			</node>
			<node id="Cylinder.003" name="Cylinder.003">
				<matrix>100.000000 0.000000 0.000000 100.000000 0.000000 -0.000016 100.000000 168.945526 0.000000 -100.000000 -0.000016 124.301651 0.000000 0.000000 0.000000 1.000000</matrix>
				<instance_geometry url="#meshId2">
					<bind_material>
						<technique_common>
							<instance_material symbol="defaultMaterial" target="#Music_Box_Cover_Hinges" />
						</technique_common>
					</bind_material>
				</instance_geometry>
			</node>
			<node id="BezierCurve" name="BezierCurve">
				<matrix>100.000000 0.000000 0.000000 -258.449860 0.000000 0.000055 100.000000 84.351204 0.000000 -100.000000 0.000055 -1.763737 0.000000 0.000000 0.000000 1.000000</matrix>
				<instance_geometry url="#meshId3">
					<bind_material>
						<technique_common>
							<instance_material symbol="defaultMaterial" target="#Music_Box_Handle" />
						</technique_common>
					</bind_material>
				</instance_geometry>
			</node>
			<node id="Cylinder.004" name="Cylinder.004">
				<matrix>100.000000 -0.000017 -0.000000 -57.123463 0.000000 -0.000016 100.000000 166.046616 -0.000017 -100.000000 -0.000016 0.758424 0.000000 0.000000 0.000000 1.000000</matrix>
				<instance_geometry url="#meshId4">
					<bind_material>
						<technique_common>
							<instance_material symbol="defaultMaterial" target="#Music_Box_Disk" />
						</technique_common>
					</bind_material>
				</instance_geometry>
			</node>
		</visual_scene>
	</library_visual_scenes>
	<scene>
		<instance_visual_scene url="#RootNode" />
	</scene>
</COLLADA>
